keyword,avg_monthly_searches,three_month_change,yoy_change,competition,competition_index,top_bid_low_idr,top_bid_high_idr
wedding processional songs,50000,0%,0%,Rendah,2,346.03,1744.20
wedding recessional songs,50000,0%,0%,Rendah,1,188.35,1089.78
wedding prelude music,5000,0%,0%,Rendah,1,719.78,61315.23
signing of the register songs,500,0%,0%,Rendah,1,,
cocktail hour music,500,0%,0%,Rendah,3,35636.00,78220.00
wedding dinner music,500,0%,0%,Rendah,2,2672.70,90829.59
bride entrance songs,5000,0%,0%,Rendah,2,212.27,1043.32
wedding exit songs,5000,0%,0%,Rendah,1,259.27,2494.52
wedding ceremony order of entrance,500,0%,-90%,Rendah,24,219.89,10582.86
songs to walk down the aisle to,5000,0%,0%,Rendah,8,343.66,1126.03
wedding music wedding processional songs,50,0%,-90%,Rendah,5,,
walking down the aisle songs,5000,0%,0%,Rendah,4,325.70,1119.59
processional songs,5000,0%,0%,Rendah,2,340.80,1077.21
bridal party entrance songs,5000,0%,0%,Rendah,2,200.74,655.92
bride and groom entrance songs,5000,0%,0%,Rendah,3,200.13,727.31
cocktail hour musicians for wedding,50,0%,0%,Menengah,46,,
wedding ceremony order of entry,500,0%,0%,Tinggi,100,722.79,54135.77
wedding aisle songs,5000,0%,0%,Rendah,2,341.57,16705.52
wedding march songs,5000,0%,0%,Rendah,2,340.93,2494.52
wedding party entrance order,500,0%,-90%,Rendah,24,219.89,10582.86
listen to wedding music wedding processional songs,50,-100%,-100%,Tidak diketahui,,,
ceremony order of entrance,50,0%,0%,Rendah,14,,
wedding cocktail hour music,500,900%,900%,Rendah,4,19447.33,76967.35
wedding songs walk down aisle,5000,0%,0%,Rendah,7,351.21,1524.26
order of walking down the aisle,500,900%,0%,Rendah,5,212.85,10745.75
best songs to walk down the aisle to,5000,0%,0%,Rendah,10,329.49,897.65
bridal processional songs,50000,0%,0%,Rendah,2,346.03,1744.20
wedding processional music,50000,0%,0%,Rendah,2,346.03,1744.20
recessional songs,5000,0%,0%,Rendah,1,182.49,532.67
wedding party processional songs,50000,0%,0%,Rendah,2,346.03,1744.20
jazz cocktail hour music,50,0%,-90%,Rendah,7,,
2022 bridal entrance songs,0,0%,0%,Tidak diketahui,,,
2022 bridal party entrance songs,50,0%,0%,Tidak diketahui,,,
2022 bride and groom entrance songs,0,0%,0%,Tidak diketahui,,,
2022 bride entrance songs,0,0%,0%,Tidak diketahui,,,
2022 recessional songs,0,0%,0%,Tidak diketahui,,,
2022 songs to walk down the aisle to,0,0%,0%,Tidak diketahui,,,
2022 wedding exit songs,0,0%,0%,Tidak diketahui,,,
2022 wedding processional songs,50,0%,-100%,Tidak diketahui,,,
2022 wedding recessional songs,50,0%,-100%,Tidak diketahui,,,
80s wedding recessional songs,50,0%,0%,Rendah,0,,
90s wedding exit songs,50,0%,-90%,Rendah,2,,
a thousand years wedding processional,500,-90%,0%,Rendah,0,,
acoustic aisle songs,50,0%,0%,Rendah,7,,
acoustic bridal entrance songs,50,0%,0%,Rendah,1,,
acoustic cocktail hour music,50,0%,0%,Rendah,0,,
acoustic guitar processional songs,50,0%,0%,Rendah,0,,
acoustic guitar recessional songs,50,0%,0%,Rendah,0,,
acoustic guitar songs for wedding processional,50,0%,900%,Rendah,1,,
acoustic guitar wedding aisle songs,50,0%,0%,Rendah,1,,
acoustic guitar wedding exit songs,50,0%,0%,Rendah,0,,
acoustic guitar wedding processional,50,0%,0%,Rendah,0,,
acoustic guitar wedding recessional,50,0%,0%,Rendah,0,,
acoustic guitar wedding recessional songs,50,0%,0%,Rendah,0,,
acoustic guitar wedding songs to walk down the aisle,50,-100%,-100%,Tidak diketahui,,,
acoustic guitar wedding songs walk down aisle,50,0%,0%,Rendah,1,,
acoustic processional songs,50,0%,0%,Rendah,0,,
acoustic recessional songs,50,0%,0%,Rendah,0,,
acoustic recessional wedding songs,50,0%,0%,Tidak diketahui,,,
acoustic song to walk down the aisle,50,0%,0%,Rendah,0,,
acoustic songs for signing the register,50,0%,0%,Rendah,1,,
acoustic songs for walking down the aisle,50,0%,0%,Rendah,2,,
acoustic songs for wedding processional,500,900%,900%,Rendah,1,,
acoustic walk down the aisle songs,50,0%,0%,Rendah,2,,
acoustic wedding exit songs,50,0%,0%,Rendah,0,,
acoustic wedding recessional songs,50,0%,0%,Rendah,0,,
acoustic wedding songs to walk down the aisle,50,0%,0%,Rendah,1,,
african american wedding processional songs,50,∞,0%,Rendah,0,,
after ceremony exit songs,50,∞,0%,Rendah,0,,
aisle song,500,0%,0%,Rendah,1,,
aisle songs for bride,500,0%,0%,Rendah,4,357.50,880.74
aisle songs for bridesmaids,500,0%,0%,Rendah,1,,
aisle songs for wedding party,50,0%,0%,Rendah,7,,
aisle walk songs,50,0%,0%,Rendah,2,,
alternative bridal processional songs,50,0%,0%,Rendah,2,,
alternative bride entrance songs,50,0%,0%,Rendah,1,,
alternative cocktail hour songs,50,-100%,-100%,Tidak diketahui,,,
alternative processional songs,50,0%,0%,Rendah,0,,
alternative processional wedding songs,50,0%,0%,Rendah,0,,
alternative recessional songs,50,0%,0%,Rendah,0,,
alternative rock wedding recessional songs,50,0%,0%,Rendah,0,,
alternative songs for signing the register,50,0%,0%,Rendah,7,,
alternative songs for walking down the aisle,50,0%,0%,Rendah,0,,
alternative walk down the aisle songs,50,0%,0%,Rendah,1,,
alternative wedding aisle songs,50,0%,0%,Rendah,0,,
alternative wedding exit songs,50,0%,0%,Rendah,0,,
alternative wedding march songs,50,0%,0%,Rendah,0,,
alternative wedding march songs classical,50,0%,0%,Rendah,0,,
alternative wedding processional,50,0%,0%,Rendah,0,,
alternative wedding recessional songs,50,0%,0%,Rendah,0,,
amazing grace wedding processional,50,∞,0%,Rendah,0,,
announcing bride and groom songs,50,0%,0%,Rendah,4,,
attendants processional songs,0,0%,0%,Tidak diketahui,,,
background dinner music for wedding,50,0%,0%,Rendah,4,,
background music for wedding dinner,50,0%,0%,Rendah,4,,
badass songs to walk down the aisle to,50,-100%,0%,Tidak diketahui,,,
bagpipe processional songs,50,0%,0%,Rendah,2,,
bagpipe songs for wedding recessional,0,0%,-100%,Tidak diketahui,,,
bagpipe wedding recessional,50,0%,0%,Rendah,0,,
beach recessional songs,50,0%,-100%,Tidak diketahui,,,
beach wedding processional songs,50,0%,0%,Rendah,0,,
beach wedding recessional songs,50,0%,0%,Rendah,0,,
beatles wedding songs walk down aisle,50,0%,0%,Rendah,0,,
beautiful instrumental songs to walk down the aisle,50,0%,0%,Rendah,5,,
beautiful songs to walk down the aisle,50,0%,0%,Rendah,8,503.18,1305.36
beautiful songs to walk down the aisle to,50,0%,0%,Rendah,8,503.18,1305.36
beautiful walking down the aisle songs,50,0%,0%,Rendah,0,,
beautiful wedding aisle songs,50,0%,0%,Rendah,0,,
beautiful wedding march songs,50,∞,0%,Rendah,4,,
beautiful wedding processional songs,50,0%,0%,Rendah,14,,
beautiful wedding songs for walking down the aisle,50,0%,-100%,Tidak diketahui,,,
best acoustic guitar songs for wedding processional,50,0%,0%,Rendah,0,,
best acoustic guitar songs for wedding recessional,50,0%,0%,Rendah,2,,
best acoustic songs to walk down the aisle to,50,0%,∞,Rendah,0,,
best acoustic wedding aisle songs,50,0%,0%,Rendah,0,,
best acoustic wedding processional songs,50,∞,0%,Rendah,14,,
best aisle songs,50,0%,0%,Rendah,2,,
best aisle songs for wedding,50,0%,0%,Rendah,11,,
best aisle wedding songs,500,0%,0%,Rendah,3,332.73,551.43
best bridal entrance,50,0%,0%,Rendah,0,,
best bridal entrance songs,5000,0%,0%,Rendah,3,202.61,759.71
best bridal entry,50,0%,0%,Rendah,0,,
best bridal entry songs,50,0%,0%,Rendah,1,,
best bridal entry songs 2022,0,0%,0%,Tidak diketahui,,,
best bridal march songs,50,0%,0%,Rendah,4,,
best bridal party ceremony entrance songs,50,0%,0%,Rendah,0,,
best bridal party entrance,50,0%,0%,Rendah,0,,
best bridal party entrance dance,50,0%,0%,Rendah,0,,
best bridal party entrance song,5000,0%,0%,Rendah,3,202.61,759.71
best bridal party entrance songs 2022,0,0%,0%,Tidak diketahui,,,
best bridal party entrance to reception,50,-100%,0%,Tidak diketahui,,,
best bridal party intro songs,5000,0%,0%,Rendah,3,202.61,759.71
best bridal party processional songs,50,0%,0%,Rendah,4,,
best bridal party reception entrance songs,50,0%,0%,Rendah,0,,
best bridal processional music,50,0%,0%,Rendah,21,,
best bridal processional songs,50,0%,0%,Rendah,5,347.84,925.59
best bride and groom entrance,50,0%,0%,Rendah,3,,
best bride and groom entrance song,500,0%,0%,Rendah,5,207.58,892.29
best bride and groom entrance songs 2022,0,0%,0%,Tidak diketahui,,,
best bride and groom entrance to reception,50,∞,∞,Rendah,0,,
best bride and groom exit songs,50,0%,0%,Rendah,0,,
best bride and groom reception entrance songs,50,0%,0%,Rendah,6,,
best bride groom entrance songs,500,0%,0%,Rendah,5,207.58,892.29
best bride walking down the aisle songs,50,0%,0%,Rendah,10,207.01,613.88
best bridesmaid entrance songs,500,0%,0%,Rendah,3,215.53,628.49
best bridesmaid songs to walk down the aisle to,50,-100%,-100%,Tidak diketahui,,,
best ceremony entrance songs,50,0%,0%,Rendah,2,,
best ceremony exit songs,50,0%,0%,Rendah,1,,
best ceremony exit songs upbeat,50,-100%,-100%,Tidak diketahui,,,
best classical music for bride entrance,50,-100%,-100%,Tidak diketahui,,,
best classical wedding recessional songs,50,0%,0%,Rendah,0,,
best cocktail hour music,500,0%,0%,Rendah,1,,
best cocktail hour songs,500,0%,0%,Rendah,1,,
best cocktail music,50,0%,0%,Rendah,0,,
best cocktail music for wedding,50,0%,0%,Rendah,2,,
best cocktail songs,50,0%,0%,Rendah,0,,
best contemporary wedding processional songs,50,0%,-100%,Tidak diketahui,,,
best country recessional songs,50,0%,0%,Rendah,0,,
best country wedding exit songs,50,0%,0%,Rendah,0,,
best country wedding recessional songs,50,0%,0%,Rendah,0,,
best dinner music for wedding,50,0%,0%,Rendah,2,,
best dinner songs for weddings,50,0%,0%,Rendah,0,,
best down the aisle songs,50,0%,0%,Rendah,2,,
best entrance songs for bridal party,500,0%,0%,Rendah,3,215.53,628.49
best entrance songs for parents of the bride,50,0%,0%,Rendah,1,,
best entry songs for bride,50,∞,0%,Rendah,0,,
best entry songs for bride and groom,50,0%,0%,Rendah,0,,
best exit ceremony songs,50,0%,0%,Rendah,0,,
best exit song wedding ceremony,50,0%,0%,Rendah,0,,
best exit songs for wedding,5000,0%,0%,Rendah,1,184.95,701.60
best exit songs for wedding ceremony,50,0%,-90%,Rendah,2,,
best exit wedding ceremony songs,50,0%,0%,Rendah,1,,
best grand entrance songs for bride and groom,50,900%,900%,Rendah,5,265.86,2812.00
best groom and bride entrance songs,500,0%,0%,Rendah,5,207.58,892.29
best groom processional songs,50,0%,0%,Rendah,1,,
best groom walking down the aisle songs,50,0%,0%,Rendah,3,,
best groomsmen and bridesmaid entrance,50,0%,0%,Rendah,0,,
best instrumental bridal entrance songs,50,0%,0%,Rendah,0,,
best instrumental processional songs,50,0%,0%,Rendah,2,,
best instrumental recessional songs,50,0%,0%,Rendah,0,,
best instrumental songs for wedding processional,50,0%,0%,Rendah,4,,
best instrumental wedding processional songs,50,0%,0%,Rendah,2,,
best instrumental wedding recessional songs,50,∞,0%,Rendah,2,,
best instrumental wedding songs for walking down the aisle,50,0%,-100%,Tidak diketahui,,,
best introduction songs for bride and groom,500,0%,0%,Rendah,5,207.58,892.29
best love songs to walk down the aisle,50,0%,0%,Rendah,13,356.36,1885.64
best love songs to walk down the aisle to,50,0%,0%,Rendah,13,356.36,1885.64
best modern recessional songs,50,0%,0%,Rendah,0,,
best modern songs to walk down the aisle to,50,0%,0%,Rendah,0,,
best music for bride entrance,50,0%,0%,Rendah,8,,
best music for cocktail hour,50,0%,0%,Rendah,1,,
best organ recessionals,50,0%,∞,Rendah,0,,
best parent walk in songs wedding,50,0%,0%,Rendah,4,,
best piano songs to walk down the aisle,50,0%,0%,Rendah,0,,
best piano wedding processional songs,50,0%,0%,Rendah,0,,
best piano wedding recessional songs,50,0%,0%,Rendah,0,,
best prelude wedding songs,50,0%,-90%,Rendah,1,,
best processional and recessional wedding songs,50,0%,0%,Tidak diketahui,,,
best processional instrumental songs,50,0%,0%,Rendah,0,,
best processional music,50,0%,0%,Rendah,1,,
best processional songs,50,900%,0%,Rendah,3,,
best processional songs 2021,0,0%,0%,Tidak diketahui,,,
best processional songs 2022,0,0%,0%,Tidak diketahui,,,
best processional songs for bridal party,50,0%,0%,Rendah,0,,
best processional songs for bridal party instrumental,50,0%,0%,Rendah,0,,
best processional songs for bride,50,0%,0%,Rendah,5,347.84,925.59
best processional songs for wedding,500,0%,0%,Rendah,6,348.15,734.16
best processional songs for wedding party,50,0%,0%,Rendah,4,,
best r&b songs to walk down the aisle to,50,0%,0%,Rendah,8,,
best r&b wedding songs for bride entrance,50,0%,0%,Rendah,1,,
best reception entrance songs for bridal party,50,0%,0%,Rendah,1,,
best reception entrance songs for bride and groom,50,0%,0%,Rendah,6,,
best recessional music,500,0%,0%,Rendah,1,,
best recessional song,500,0%,0%,Rendah,1,,
best recessional song for wedding,5000,0%,0%,Rendah,1,184.95,701.60
best recessional songs 2021,50,0%,0%,Tidak diketahui,,,
best recessional songs 2022,0,0%,0%,Tidak diketahui,,,
best recessional songs for a wedding,5000,0%,0%,Rendah,1,184.95,701.60
best recessional songs for wedding ceremony,5000,0%,0%,Rendah,1,184.95,701.60
best recessional songs upbeat,50,-100%,-100%,Tidak diketahui,,,
best rehearsal dinner playlist,50,0%,0%,Rendah,0,,
best send off songs wedding,50,0%,0%,Rendah,2,,
best song after wedding ceremony,50,0%,0%,Rendah,0,,
best song for bridal entry,50,0%,0%,Rendah,1,,
best song for bridal party introduction,50,0%,∞,Rendah,0,,
best song for bridal party to walk down aisle,500,0%,0%,Rendah,8,356.36,1339.58
best song for bride to walk down aisle,50,0%,0%,Rendah,10,,
best song for bride to walk down the aisle to,50,0%,0%,Rendah,12,706.39,3225.25
best song for bride walking down the aisle,500,0%,0%,Rendah,13,334.64,1051.64
best song for bridesmaids to walk down the aisle to,50,0%,0%,Rendah,2,,
best song for entrance of bride and groom,50,0%,0%,Rendah,2,,
best song for groom to walk down the aisle,50,900%,0%,Rendah,2,,
best song to end a wedding reception,50,0%,0%,Rendah,0,,
best song to end wedding reception,50,0%,0%,Rendah,3,,
best song to leave wedding ceremony,50,0%,0%,Rendah,5,,
best song to walk down the aisle to 2022,50,-100%,0%,Tidak diketahui,,,
best songs bride entrance,50,0%,0%,Rendah,0,,
best songs for a bride to walk down the aisle,500,0%,0%,Rendah,13,334.64,1051.64
best songs for after wedding ceremony,50,0%,0%,Rendah,2,,
best songs for bridal party entrance to reception,50,0%,0%,Rendah,2,,
best songs for bridal party to walk into reception,50,0%,0%,Rendah,2,,
best songs for bride and groom entry,50,∞,0%,Rendah,0,,
best songs for bride and groom to enter reception,50,0%,0%,Rendah,19,,
best songs for bride and groom to leave ceremony,50,0%,0%,Rendah,1,,
best songs for bride and groom to walk into reception,50,0%,0%,Rendah,3,,
best songs for bride to walk down the aisle,500,0%,0%,Rendah,13,334.64,1051.64
best songs for bridesmaids to walk into reception,50,0%,0%,Rendah,1,,
best songs for bridesmaids walking down the aisle,50,0%,∞,Rendah,0,,
best songs for cocktail hour,50,0%,0%,Rendah,0,,
best songs for end of wedding ceremony,50,0%,0%,Rendah,0,,
best songs for exiting wedding ceremony,50,0%,0%,Rendah,1,,
best songs for leaving wedding ceremony,50,0%,0%,Rendah,0,,
best songs for recessional,50,0%,0%,Rendah,1,,
best songs for rehearsal dinner slideshow,50,0%,0%,Rendah,0,,
best songs for rehearsal dinner video,50,-100%,-100%,Tidak diketahui,,,
best songs for signing the register,50,0%,0%,Rendah,0,,
best songs for walking down the aisle 2022,0,0%,0%,Tidak diketahui,,,
best songs for wedding ceremony entrance,50,0%,0%,Rendah,7,,
best songs for wedding cocktail hour,50,0%,0%,Rendah,1,,
best songs for wedding dinner,50,0%,0%,Rendah,3,,
best songs for wedding exit,50,0%,0%,Rendah,0,,
best songs for wedding party to walk down aisle,50,0%,0%,Rendah,9,312.56,970.15
best songs to exit wedding ceremony,50,0%,0%,Rendah,0,,
best songs to introduce bridal party,50,-100%,-100%,Tidak diketahui,,,
best songs to introduce bride and groom,50,0%,0%,Rendah,2,,
best songs to leave a wedding,50,-100%,0%,Tidak diketahui,,,
best songs to leave a wedding ceremony,50,0%,0%,Rendah,19,533.20,704.56
best songs to walk down aisle,50,0%,0%,Rendah,10,,
best songs to walk down aisle to,50,0%,0%,Rendah,6,,
best songs to walk down the aisle to 2021,50,0%,-100%,Tidak diketahui,,,
best songs to walk down the aisle to 2022,0,0%,0%,Tidak diketahui,,,
best songs to walk down the aisle to acoustic,50,∞,0%,Rendah,5,,
best songs to walk into a wedding reception bridal party,50,0%,0%,Rendah,0,,
best songs to walk up the aisle,50,0%,0%,Rendah,0,,
best songs walking down the aisle,50,0%,0%,Rendah,6,,
best string quartet songs to walk down the aisle to,50,0%,0%,Rendah,0,,
best upbeat recessional songs,50,0%,0%,Rendah,0,,
best upbeat recessional songs for weddings,50,0%,0%,Rendah,2,,
best upbeat wedding exit songs,50,0%,0%,Rendah,0,,
best upbeat wedding recessional songs,50,0%,0%,Rendah,2,,
best walk down aisle songs,500,0%,0%,Rendah,6,337.21,855.55
best walk in songs for bride and groom,50,0%,0%,Rendah,10,,
best walking down the aisle wedding songs,50,0%,0%,Rendah,5,,
best wedding aisle exit songs,50,0%,0%,Rendah,0,,
best wedding bridal party entrance,50,-100%,-100%,Tidak diketahui,,,
best wedding bridal party entrance songs,500,0%,0%,Rendah,3,215.53,628.49
best wedding bride entrance songs,500,0%,0%,Rendah,3,215.53,628.49
best wedding ceremony entrance songs,50,0%,0%,Rendah,4,,
best wedding ceremony exit songs,500,0%,0%,Rendah,0,,
best wedding cocktail hour songs,50,0%,0%,Rendah,1,,
best wedding cocktail music,50,0%,0%,Rendah,2,,
best wedding dinner music playlist,50,0%,0%,Rendah,2,,
best wedding dinner songs,50,0%,0%,Rendah,2,,
best wedding ending songs,50,0%,0%,Rendah,0,,
best wedding entrance bridal party,50,0%,∞,Rendah,0,,
best wedding entrance for bridal party,50,0%,0%,Rendah,0,,
best wedding entrance song for bride and groom,500,0%,0%,Rendah,3,216.49,1815.12
best wedding entrance songs bridal party,50,0%,0%,Rendah,0,,
best wedding entrance songs for bridal party,500,0%,0%,Rendah,4,199.74,584.13
best wedding exit music,500,0%,0%,Rendah,0,,
best wedding exit songs 2021,0,0%,0%,Tidak diketahui,,,
best wedding exit songs 2022,0,0%,0%,Tidak diketahui,,,
best wedding exit songs upbeat,50,0%,0%,Rendah,0,,
best wedding instrumental songs for walking down the aisle,0,0%,0%,Tidak diketahui,,,
best wedding intro songs bride and groom,50,0%,0%,Tidak diketahui,,,
best wedding intro songs for bridal party,50,0%,0%,Rendah,0,,
best wedding intro songs for bride and groom,50,0%,0%,Rendah,6,,
best wedding march in songs,50,0%,0%,Rendah,9,,
best wedding march songs 2022,0,0%,0%,Tidak diketahui,,,
best wedding outro songs,50,0%,0%,Rendah,0,,
best wedding party processional songs,50,0%,0%,Rendah,4,,
best wedding prelude music,50,0%,-90%,Rendah,1,,
best wedding processional,50,0%,0%,Rendah,9,,
best wedding processional music,50,0%,0%,Rendah,8,,
best wedding processional songs 2020,0,0%,0%,Tidak diketahui,,,
best wedding processional songs classical,50,∞,0%,Rendah,0,,
best wedding processional songs string quartet,50,0%,0%,Rendah,10,,
best wedding reception entrance songs for bridal party,50,0%,0%,Rendah,2,,
best wedding reception entrance songs for bride and groom,50,0%,0%,Rendah,4,,
best wedding recessional,50,0%,0%,Rendah,0,,
best wedding recessional music,5000,0%,0%,Rendah,1,184.95,701.60
best wedding recessional songs 2021,0,0%,-100%,Tidak diketahui,,,
best wedding recessional songs 2022,0,0%,-100%,Tidak diketahui,,,
best wedding recessional songs string quartet,50,0%,0%,Rendah,1,,
best wedding send off songs,50,0%,0%,Rendah,4,,
best wedding songs bride entrance,50,0%,0%,Rendah,0,,
best wedding songs for bridal party entrance,500,0%,0%,Rendah,3,215.53,628.49
best wedding songs for bridesmaids walking down the aisle,50,0%,0%,Rendah,5,,
best wedding songs for signing the register,50,0%,0%,Rendah,1,,
best wedding songs for the bride to walk down aisle,50,0%,0%,Rendah,16,,
best wedding songs to walk down aisle,50,0%,0%,Rendah,5,,
best wedding songs to walk down the aisle 2022,50,0%,0%,Tidak diketahui,,,
best wedding songs walk down aisle,500,0%,0%,Rendah,8,356.36,1339.58
best wedding walk in songs,500,0%,0%,Rendah,6,253.23,785.04
best wedding walk out songs for bridal party,50,0%,0%,Rendah,4,,
black bride and groom entrance songs,50,0%,0%,Rendah,2,,
black bride entrance songs,50,0%,0%,Rendah,0,,
black processional wedding songs,50,0%,0%,Rendah,0,,
black recessional wedding songs,50,0%,0%,Rendah,0,,
black wedding bride entrance songs,50,0%,0%,Rendah,0,,
black wedding exit songs,50,0%,0%,Rendah,0,,
black wedding recessional songs 2020,0,0%,0%,Tidak diketahui,,,
black wedding recessional songs 2021,50,0%,-100%,Tidak diketahui,,,
black wedding recessional songs 2022,50,∞,∞,Rendah,0,,
black wedding songs for bride entrance,50,0%,0%,Rendah,0,,
black wedding songs to exit ceremony,50,0%,0%,Rendah,0,,
bridal ceremony entrance songs,500,900%,0%,Rendah,2,357.48,1760.44
bridal church entrance songs,500,0%,0%,Rendah,1,,
bridal couple entrance songs,50,0%,0%,Rendah,0,,
bridal entourage entrance songs,50,0%,0%,Tidak diketahui,,,
bridal entrance,500,0%,0%,Rendah,0,,
bridal entrance classical music,50,0%,0%,Rendah,3,,
bridal entrance instrumental songs,500,0%,0%,Rendah,1,,
bridal entrance music,500,0%,0%,Rendah,3,527.16,20494.32
bridal entrance music church,500,0%,0%,Rendah,1,,
bridal entrance organ music,50,0%,0%,Rendah,0,,
bridal entrance reception songs,50,0%,0%,Rendah,0,,
bridal entrance song ideas,50,0%,0%,Rendah,5,,
bridal entrance songs 2021,50,0%,-100%,Tidak diketahui,,,
bridal entrance songs 2022,50,-100%,-100%,Tidak diketahui,,,
bridal entrance songs classical,50,0%,0%,Rendah,1,,
bridal entrance songs piano,50,0%,0%,Rendah,2,,
bridal entrance songs reception,5000,0%,0%,Rendah,3,202.18,644.42
bridal entrance songs string quartet,50,0%,0%,Rendah,20,10552.30,29777.37
bridal entrance wedding songs,500,0%,-90%,Rendah,3,350.16,905.48
bridal entry,500,0%,-90%,Rendah,7,,
bridal entry dance songs,50,0%,-100%,Tidak diketahui,,,
bridal entry in marriage,0,0%,0%,Tidak diketahui,,,
bridal entry music,50,0%,-90%,Rendah,4,227.04,50716.35
bridal entry song,5000,0%,0%,Rendah,2,212.27,1043.32
bridal entry songs 2020,50,0%,0%,Tidak diketahui,,,
bridal entry songs 2021,0,0%,0%,Tidak diketahui,,,
bridal entry songs 2022,50,0%,0%,Tidak diketahui,,,
bridal entry theme,50,∞,∞,Rendah,0,,
bridal exit music,50,0%,0%,Rendah,0,,
bridal exit song,50,0%,0%,Rendah,0,,
bridal exit song traditional,50,0%,-90%,Rendah,0,,
bridal grand entrance songs,50,0%,0%,Rendah,0,,
bridal instrumental processional songs,50,0%,0%,Rendah,0,,
bridal intro songs,5000,0%,0%,Rendah,4,203.45,876.43
bridal introduction songs,50,0%,0%,Rendah,0,,
bridal march song ideas,50,0%,0%,Rendah,0,,
bridal march songs,5000,0%,0%,Rendah,2,340.93,2494.52
bridal march songs 2021,0,0%,0%,Tidak diketahui,,,
bridal music walking down the aisle,500,0%,0%,Rendah,4,275.47,927.64
bridal party aisle entrance songs,50,0%,0%,Rendah,2,,
bridal party aisle songs,5000,0%,0%,Rendah,2,341.57,16705.52
bridal party announcement songs,50,0%,-90%,Rendah,3,,
bridal party ceremony entrance songs,500,0%,0%,Rendah,2,,
bridal party ceremony entrance songs 2022,0,0%,0%,Tidak diketahui,,,
bridal party ceremony entrance songs instrumental,50,0%,0%,Rendah,0,,
bridal party church entrance songs,50,0%,0%,Rendah,0,,
bridal party down the aisle songs,50,0%,0%,Rendah,0,,
bridal party entrance,500,900%,0%,Rendah,5,10828.27,21625.03
bridal party entrance country songs,50,0%,0%,Rendah,1,,
bridal party entrance dances,50,0%,-90%,Rendah,0,,
bridal party entrance funny,500,0%,0%,Rendah,0,,
bridal party entrance music,5000,0%,0%,Rendah,2,200.74,655.92
bridal party entrance order ceremony,50,0%,0%,Rendah,14,,
bridal party entrance reception songs,500,0%,0%,Rendah,3,211.29,409.12
bridal party entrance song ideas,50,0%,0%,Rendah,5,,
bridal party entrance songs 2020,50,0%,-100%,Tidak diketahui,,,
bridal party entrance songs 2021,50,0%,0%,Tidak diketahui,,,
bridal party entrance songs 2022,50,0%,0%,Rendah,0,,
bridal party entrance songs at reception,50,0%,0%,Rendah,12,,
bridal party entrance songs ceremony country,50,0%,0%,Rendah,0,,
bridal party entrance songs for reception,5000,0%,0%,Rendah,3,202.18,644.42
bridal party entrance songs funny,50,0%,0%,Rendah,0,,
bridal party entrance songs hip hop,50,0%,0%,Rendah,0,,
bridal party entrance songs instrumental,50,0%,0%,Rendah,0,,
bridal party entrance songs to ceremony,500,900%,0%,Rendah,2,357.48,1760.44
bridal party entry,500,900%,0%,Rendah,5,10828.27,21625.03
bridal party entry ideas,50,0%,0%,Rendah,5,,
bridal party entry song,5000,0%,0%,Rendah,2,200.74,655.92
bridal party exit songs,50,0%,-90%,Rendah,1,,
bridal party funny entrance,500,0%,0%,Rendah,1,,
bridal party grand entrance songs,50,0%,0%,Rendah,2,,
bridal party intro,500,0%,0%,Rendah,0,,
bridal party intro dance ideas,50,0%,0%,Rendah,0,,
bridal party intro ideas,5000,0%,0%,Rendah,7,6961.67,20410.91
bridal party intro song,5000,0%,0%,Rendah,4,203.45,876.43
bridal party intro songs 2022,0,0%,0%,Tidak diketahui,,,
bridal party introduction,500,0%,0%,Rendah,0,,
bridal party introduction song,5000,0%,0%,Rendah,4,203.45,876.43
bridal party introductions at reception,50,0%,0%,Rendah,0,,
bridal party music to walk down the aisle,50,0%,0%,Rendah,14,223.37,726.08
bridal party order entrance,50,-100%,-100%,Tidak diketahui,,,
bridal party processional song,50000,0%,0%,Rendah,2,346.03,1744.20
bridal party processional songs country,50,0%,0%,Rendah,0,,
bridal party processional songs instrumental,50,0%,0%,Rendah,2,,
bridal party reception entrance,50,0%,0%,Rendah,1,,
bridal party reception entrance songs 2022,0,0%,0%,Tidak diketahui,,,
bridal party reception songs,50,0%,0%,Rendah,5,,
bridal party songs to walk down the aisle,5000,0%,0%,Rendah,8,339.11,1025.82
bridal party songs to walk into reception,500,0%,0%,Rendah,6,201.54,640.41
bridal party walk down aisle songs,50,0%,0%,Rendah,3,,
bridal party walk in song,50000,0%,0%,Rendah,2,211.20,8067.78
bridal party walk out songs,500,0%,0%,Rendah,3,202.57,898.42
bridal party walk out songs 2022,0,0%,0%,Tidak diketahui,,,
bridal party walking down the aisle,50,900%,0%,Rendah,2,200.52,2816.76
bridal party walkout songs,50,0%,0%,Rendah,1,,
bridal party wedding ceremony entrance songs,50,0%,0%,Rendah,0,,
bridal party wedding entrance,500,900%,0%,Rendah,5,10828.27,21625.03
bridal party wedding entrance songs,50000,0%,0%,Rendah,2,211.20,8067.78
bridal processional music,50000,0%,0%,Rendah,2,346.03,1744.20
bridal processional music classical,500,0%,0%,Rendah,1,319.03,5253.16
bridal processional organ music,50,0%,0%,Rendah,12,,
bridal processional songs catholic church,50,0%,0%,Rendah,0,,
bridal processional songs classical,500,0%,0%,Rendah,1,319.03,5253.16
bridal processional songs instrumental,500,0%,-90%,Rendah,2,366.14,1050.32
bridal processional songs organ,50,0%,0%,Rendah,0,,
bridal processional songs piano,50,0%,-90%,Rendah,8,,
bridal processional songs string quartet,50,∞,0%,Rendah,0,,
bridal recessional,50,0%,0%,Rendah,0,,
bridal recessional songs,50000,0%,0%,Rendah,1,188.35,1089.78
bridal recessional songs traditional,50,-100%,-100%,Tidak diketahui,,,
bridal song entry,50,0%,0%,Rendah,0,,
bridal songs for entry,50,0%,0%,Rendah,9,,
bridal songs for walking down the aisle,50,0%,0%,Rendah,5,,
bridal songs to walk down the aisle,5000,0%,0%,Rendah,8,339.11,1025.82
bridal walk in songs,500,0%,0%,Rendah,5,336.71,1730.98
bridal walk music,50,0%,0%,Rendah,5,,
bridal walk out songs,50,0%,0%,Rendah,5,198.24,717.17
bridal wedding march songs,50,∞,0%,Rendah,0,,
bride & groom entrance songs,5000,0%,0%,Rendah,3,200.13,727.31
bride aisle music,50,0%,0%,Rendah,6,,
bride aisle walk songs,50,0%,0%,Rendah,6,569.69,2324.93
bride and groom announcement song,50,0%,0%,Rendah,1,,
bride and groom ceremony exit song,500,0%,0%,Rendah,1,186.93,901.73
bride and groom enter reception songs,50,0%,0%,Rendah,5,,
bride and groom entering reception,50,0%,0%,Rendah,0,,
bride and groom entrance dance,50,0%,0%,Rendah,0,,
bride and groom entrance music,5000,0%,0%,Rendah,3,200.13,727.31
bride and groom entrance song for reception,5000,0%,0%,Rendah,4,205.90,811.50
bride and groom entrance song to reception,50,0%,0%,Rendah,4,,
bride and groom entrance songs 2021,50,0%,0%,Tidak diketahui,,,
bride and groom entrance songs 2021 hip hop,0,0%,0%,Tidak diketahui,,,
bride and groom entrance songs 2021 rap,0,0%,0%,Tidak diketahui,,,
bride and groom entrance songs 2021 upbeat,0,0%,0%,Tidak diketahui,,,
bride and groom entrance songs 2022,50,0%,-100%,Tidak diketahui,,,
bride and groom entrance songs funny,500,0%,0%,Rendah,2,,
bride and groom entrance songs hip hop,50,0%,-90%,Rendah,1,,
bride and groom entrance songs r&b,50,0%,0%,Rendah,0,,
bride and groom entrance songs reception,5000,0%,0%,Rendah,4,205.90,811.50
bride and groom entrance songs rock,50,0%,0%,Rendah,0,,
bride and groom entrance songs upbeat,50,0%,0%,Rendah,3,,
bride and groom entrance to reception songs,50,0%,0%,Rendah,5,,
bride and groom entry in reception,50,0%,-100%,Tidak diketahui,,,
bride and groom entry song,5000,0%,0%,Rendah,3,200.13,727.31
bride and groom entry songs for reception,50,0%,0%,Rendah,0,,
bride and groom exit music,50,0%,0%,Rendah,1,,
bride and groom exit song,500,0%,0%,Rendah,1,186.93,901.73
bride and groom exit songs 2022,0,0%,0%,Tidak diketahui,,,
bride and groom grand entrance song,500,0%,0%,Rendah,4,214.74,682.16
bride and groom intro song,5000,0%,0%,Rendah,3,200.13,727.31
bride and groom intro songs 2022,0,0%,0%,Tidak diketahui,,,
bride and groom introduction song,5000,0%,0%,Rendah,3,200.13,727.31
bride and groom introductions,50,0%,0%,Rendah,0,,
bride and groom leaving ceremony songs,50,0%,0%,Rendah,1,,
bride and groom party entrance songs,50,0%,0%,Rendah,0,,
bride and groom processional songs,50,0%,0%,Rendah,4,,
bride and groom reception entrance,50,0%,0%,Rendah,1,,
bride and groom reception entrance songs 2021,0,0%,0%,Tidak diketahui,,,
bride and groom reception entrance songs 2022,0,0%,0%,Tidak diketahui,,,
bride and groom reception entrance songs country,50,0%,0%,Rendah,0,,
bride and groom reception entrance songs hip hop,50,0%,0%,Rendah,0,,
bride and groom reception entry song,50,0%,0%,Rendah,0,,
bride and groom recessional,50,0%,0%,Rendah,0,,
bride and groom recessional song,500,0%,0%,Rendah,1,186.93,901.73
bride and groom send off songs,50,0%,0%,Rendah,0,,
bride and groom song entrance,5000,0%,0%,Rendah,3,200.13,727.31
bride and groom songs to walk into reception,500,0%,0%,Rendah,8,203.75,1078.76
bride and groom walk down aisle together songs,50,0%,0%,Rendah,3,,
bride and groom walk in reception song,50,0%,0%,Rendah,2,,
bride and groom walk in song,50,0%,0%,Rendah,2,,
bride and groom walk out songs,500,0%,0%,Rendah,4,206.46,590.81
bride and groom wedding entrance songs,5000,0%,0%,Rendah,3,200.13,727.31
bride and groom wedding reception entrance songs,5000,0%,0%,Rendah,4,205.90,811.50
bride ceremony entrance songs instrumental,50,0%,0%,Rendah,2,,
bride down the aisle song,50,0%,0%,Rendah,3,,
bride entrance church songs,50,0%,0%,Rendah,0,,
bride entrance country songs,50,0%,0%,Rendah,0,,
bride entrance songs 2020,50,0%,-100%,Tidak diketahui,,,
bride entrance songs 2022,50,-100%,-100%,Tidak diketahui,,,
bride entrance songs black wedding,50,∞,0%,Rendah,0,,
bride entrance songs bollywood,50,0%,0%,Rendah,0,,
bride entrance songs catholic church,50,0%,0%,Rendah,0,,
bride entrance songs christian,50,0%,0%,Rendah,0,,
bride entrance songs r&b,50,0%,0%,Rendah,2,,
bride entry songs 2022,50,0%,0%,Tidak diketahui,,,
bride groom entry song,50,0%,-90%,Rendah,0,,
bride groom entry songs,5000,0%,0%,Rendah,3,200.13,727.31
bride groom entry theme,50,0%,0%,Tidak diketahui,,,
bride groom exit songs,500,0%,0%,Rendah,1,186.93,901.73
bride groom grand entrance songs,500,0%,0%,Rendah,4,214.74,682.16
bride groom intro songs,5000,0%,0%,Rendah,3,200.13,727.31
bride groom reception entrance songs,50,0%,0%,Rendah,2,,
bride groom reception entry,50,0%,0%,Rendah,0,,
bride groom walk out songs,50,0%,0%,Rendah,0,,
bride instrumental entrance songs,50,0%,0%,Rendah,0,,
bride walk down the aisle,5000,0%,0%,Rendah,0,,
bride walking down the aisle songs instrumental,50,0%,0%,Rendah,1,,
bride wedding entry,50,-100%,-100%,Tidak diketahui,,,
bride wedding songs walking down aisle,50,0%,0%,Rendah,3,,
bride's parents entrance songs,500,0%,0%,Rendah,1,,
brides wedding entrance,50,0%,0%,Rendah,1,,
bridesmaid aisle walk songs,50,0%,0%,Rendah,0,,
bridesmaid and groomsmen ceremony entrance songs,50,0%,0%,Rendah,0,,
bridesmaid ceremony entrance songs,50,0%,0%,Rendah,0,,
bridesmaid entrance songs,5000,0%,0%,Rendah,1,220.60,676.18
bridesmaid entrance songs 2022,0,0%,0%,Tidak diketahui,,,
bridesmaid entrance songs instrumental,50,0%,0%,Rendah,0,,
bridesmaid entrance songs r&b,50,0%,0%,Rendah,0,,
bridesmaid entrance songs reception,50,900%,900%,Rendah,1,,
bridesmaid instrumental processional songs,50,0%,0%,Rendah,0,,
bridesmaid processional music,50,0%,0%,Rendah,0,,
bridesmaid processional song,500,0%,0%,Rendah,2,,
bridesmaid processional songs country,50,0%,0%,Rendah,0,,
bridesmaid processional songs instrumental,50,0%,0%,Rendah,1,,
bridesmaid song to walk down the aisle,5000,0%,0%,Rendah,4,220.91,879.03
bridesmaid walk in reception songs,50,0%,0%,Rendah,0,,
bridesmaid walk in song,500,0%,0%,Rendah,2,,
bridesmaid wedding entrance songs,50,0%,-90%,Rendah,2,,
bridesmaids entrance songs 2022,0,0%,-100%,Tidak diketahui,,,
bridesmaids entrance songs reception,50,0%,0%,Rendah,1,,
bridesmaids processional song ideas,500,0%,900%,Rendah,6,340.06,926.57
bridesmaids songs to walk down the aisle to,50,0%,0%,Rendah,0,,
catholic bridal entrance songs,500,0%,0%,Rendah,0,,
catholic bridal processional songs,50,0%,0%,Rendah,0,,
catholic church recessional songs,50,0%,0%,Rendah,0,,
catholic church wedding processional songs,500,0%,0%,Rendah,0,,
catholic church wedding recessional songs,500,0%,0%,Rendah,0,,
catholic prelude music,50,0%,0%,Rendah,0,,
catholic processional songs,50,0%,0%,Rendah,0,,
catholic processional wedding songs,500,0%,0%,Rendah,0,,
catholic recessional songs wedding,50,0%,0%,Rendah,0,,
catholic recessional wedding songs,500,0%,0%,Rendah,0,,
catholic wedding bridal processional songs,50,0%,0%,Rendah,0,,
catholic wedding bride entrance songs,50,0%,0%,Rendah,0,,
catholic wedding entrance procession,50,0%,0%,Rendah,0,,
catholic wedding exit songs,50,0%,0%,Rendah,0,,
catholic wedding hymns for bride entrance,50,0%,0%,Rendah,0,,
catholic wedding prelude music,50,0%,0%,Rendah,0,,
catholic wedding prelude songs,50,0%,0%,Rendah,0,,
catholic wedding processional,50,900%,0%,Rendah,5,,
catholic wedding processional music,500,0%,0%,Rendah,0,,
catholic wedding processional songs organ,50,0%,0%,Rendah,0,,
catholic wedding recessional hymns,50,0%,0%,Rendah,0,,
catholic wedding recessional music,500,0%,0%,Rendah,0,,
catholic wedding recessional order,50,0%,0%,Rendah,0,,
catholic wedding songs for bride entrance,500,0%,0%,Rendah,0,,
catholic wedding songs for recessional,50,0%,0%,Rendah,0,,
celebration song after wedding ceremony,50,0%,0%,Rendah,0,,
celtic wedding music processional,50,-100%,-100%,Tidak diketahui,,,
celtic wedding processional songs,50,0%,0%,Rendah,0,,
ceremony entrance music,50,0%,0%,Rendah,32,,
ceremony entrance order,50,0%,0%,Rendah,17,,
ceremony entrance songs,50,0%,-90%,Rendah,3,,
ceremony exit song,5000,0%,0%,Rendah,1,182.49,532.67
ceremony exit songs 2021,50,0%,0%,Tidak diketahui,,,
ceremony exit songs country,50,0%,0%,Rendah,0,,
ceremony exit songs for wedding,50,900%,900%,Rendah,1,,
ceremony exit songs upbeat,50,0%,0%,Rendah,0,,
ceremony exit songs wedding,500,0%,0%,Rendah,2,246.17,2672.70
ceremony prelude music,50,0%,0%,Rendah,1,,
ceremony prelude songs,50,0%,0%,Rendah,0,,
ceremony processional songs,50,0%,0%,Rendah,2,,
ceremony recessional,50,900%,900%,Rendah,0,,
ceremony recessional songs,500,0%,0%,Rendah,1,,
ceremony recessional songs 2022,0,0%,0%,Tidak diketahui,,,
ceremony songs for bridal party,50,0%,0%,Rendah,0,,
ceremony songs for bridesmaids,50,-100%,-100%,Tidak diketahui,,,
ceremony songs to walk down the aisle,50,0%,0%,Rendah,16,,
choir processional songs,50,0%,0%,Rendah,0,,
christian aisle songs,50,0%,0%,Rendah,0,,
christian bridal entrance songs,50,0%,0%,Rendah,0,,
christian bridal processional songs,50,0%,0%,Rendah,3,,
christian prelude wedding songs,500,-90%,-90%,Rendah,0,,
christian processional songs,50,0%,0%,Rendah,0,,
christian processional wedding songs,500,0%,0%,Rendah,1,,
christian recessional songs,50,0%,0%,Rendah,0,,
christian recessional wedding songs,500,0%,0%,Rendah,1,,
christian songs for wedding recessional,500,-90%,-90%,Rendah,0,,
christian wedding exit songs,50,0%,0%,Rendah,0,,
christian wedding recessional songs instrumental,50,0%,0%,Rendah,0,,
christmas wedding processional songs,50,0%,-100%,Tidak diketahui,,,
christmas wedding recessional songs,50,-100%,-100%,Tidak diketahui,,,
church exit songs wedding,500,0%,0%,Rendah,1,,
church exit wedding songs,50,∞,0%,Rendah,0,,
church processional music,50,0%,0%,Rendah,0,,
church processional songs,50,0%,0%,Rendah,0,,
church recessional songs,50,0%,0%,Rendah,0,,
church recessional wedding songs,50,0%,0%,Rendah,1,,
church songs to walk down the aisle to,50,0%,0%,Rendah,1,,
church wedding entrance order,50,0%,0%,Rendah,26,,
church wedding entrance songs,500,0%,0%,Rendah,1,,
church wedding entrance songs for bridal party,50,0%,0%,Rendah,0,,
church wedding exit music,500,0%,0%,Rendah,1,,
church wedding exit music organ,50,0%,0%,Rendah,0,,
church wedding processional music,50,0%,0%,Rendah,1,,
church wedding processional songs,50,0%,0%,Rendah,1,,
civil ceremony music to walk down the aisle,0,0%,0%,Tidak diketahui,,,
civil ceremony songs to walk down the aisle to,50,0%,∞,Rendah,3,,
clair de lune wedding processional,50,0%,0%,Rendah,0,,
classic bridal party entrance songs,500,0%,0%,Rendah,1,,
classic cocktail hour music,50,0%,0%,Rendah,0,,
classic processional songs,50,0%,0%,Rendah,0,,
classic recessional songs,50,0%,0%,Rendah,1,,
classic rock recessional songs,50,0%,0%,Rendah,0,,
classic rock wedding processional songs,50,0%,0%,Rendah,0,,
classic rock wedding recessional songs,50,0%,0%,Rendah,0,,
classic songs to walk down the aisle,500,0%,0%,Rendah,1,,
classic songs to walk down the aisle to,500,0%,0%,Rendah,3,,
classic walk down the aisle songs,50,0%,0%,Rendah,5,342.48,1202.66
classic wedding aisle song,50,0%,0%,Rendah,2,,
classic wedding dinner music,50,0%,0%,Rendah,4,,
classic wedding dinner songs,50,0%,0%,Rendah,2,,
classic wedding entrance songs for bride and groom,50,0%,0%,Rendah,4,,
classic wedding exit songs,50,0%,-90%,Rendah,0,,
classic wedding march songs,50,0%,0%,Rendah,0,,
classic wedding processional,50,0%,0%,Rendah,3,,
classic wedding processional music,500,0%,0%,Rendah,1,319.03,5253.16
classic wedding processional songs,500,0%,0%,Rendah,1,319.03,5253.16
classic wedding recessional songs,500,0%,0%,Rendah,1,,
classic wedding songs to walk down the aisle,500,0%,0%,Rendah,4,354.65,7211.82
classical dinner music for weddings,50,∞,0%,Rendah,0,,
classical guitar wedding processional songs,50,0%,0%,Rendah,0,,
classical music bridal entrance,500,0%,0%,Rendah,3,8196.28,24564.80
classical music for bride to walk down the aisle,50,0%,0%,Rendah,3,,
classical music for bridesmaids entrance,50,0%,0%,Rendah,3,,
classical music for processional,50,0%,0%,Rendah,0,,
classical music for signing wedding register,50,0%,0%,Tidak diketahui,,,
classical music for wedding prelude,50,0%,-90%,Rendah,0,,
classical music for wedding recessional,500,0%,0%,Rendah,1,,
classical prelude music for wedding ceremony,50,0%,0%,Rendah,0,,
classical processional music,50,0%,0%,Rendah,0,,
classical recessional music,50,0%,0%,Rendah,1,,
classical songs for bridesmaids to walk down the aisle,50,0%,0%,Rendah,0,,
classical wedding entrance songs,500,0%,0%,Rendah,1,,
classical wedding exit music,50,0%,0%,Rendah,0,,
classical wedding prelude songs,50,0%,-90%,Rendah,0,,
classical wedding processional songs piano,50,0%,-100%,Tidak diketahui,,,
classical wedding recessional,50,0%,0%,Rendah,3,,
cocktail and dinner music for wedding,50,∞,0%,Rendah,29,,
cocktail dinner music,50,0%,0%,Rendah,7,,
cocktail hour album songs,0,0%,-100%,Tidak diketahui,,,
cocktail hour music 2021,50,0%,0%,Tidak diketahui,,,
cocktail hour music playlist,50,0%,0%,Rendah,0,,
cocktail hour playlist,50,900%,0%,Rendah,0,,
cocktail hour playlist spotify,50,0%,0%,Rendah,0,,
cocktail hour playlist wedding,50,0%,0%,Rendah,3,,
cocktail hour songs,500,0%,0%,Rendah,0,,
cocktail hour songs 2020,50,0%,0%,Tidak diketahui,,,
cocktail hour songs 2021,0,0%,0%,Tidak diketahui,,,
cocktail hour songs 2022,0,0%,0%,Tidak diketahui,,,
cocktail hour songs for wedding,500,900%,900%,Rendah,4,19447.33,76967.35
cocktail hour wedding playlist,50,0%,0%,Rendah,1,,
cocktail music for wedding,50,900%,0%,Rendah,7,20490.70,56464.33
cocktail music playlist,50,0%,0%,Rendah,0,,
cocktail music songs,50,0%,0%,Rendah,2,,
cocktail music type,50,0%,0%,Rendah,1,,
cocktail music type for wedding,50,0%,0%,Rendah,2,,
cocktail music type wedding,50,0%,-100%,Tidak diketahui,,,
cocktail playlist,50,0%,0%,Rendah,0,,
cocktail reception music,50,0%,0%,Rendah,5,,
cocktail songs,500,-90%,0%,Rendah,0,,
cocktail songs for wedding,50,900%,0%,Rendah,7,20490.70,56464.33
cocktail songs list,50,0%,900%,Rendah,0,,
cocktail songs wedding,50,∞,0%,Rendah,7,,
cocktail wedding songs,50,900%,0%,Rendah,7,20490.70,56464.33
coming down the aisle songs,50,0%,0%,Rendah,1,,
coming down the aisle wedding songs,50,0%,0%,Rendah,4,,
common bridal processional songs,50,0%,0%,Rendah,10,,
common processional songs,50,-90%,-90%,Rendah,3,,
common recessional songs,50,0%,0%,Rendah,1,,
common wedding processional songs,500,0%,0%,Rendah,1,354.28,3340.95
common wedding recessional songs,500,0%,0%,Rendah,1,,
contemporary bridal processional songs,50,-100%,0%,Tidak diketahui,,,
contemporary christian wedding processional songs,50,0%,0%,Rendah,13,,
contemporary christian wedding recessional songs,50,0%,0%,Rendah,5,,
contemporary processional songs,50,0%,0%,Rendah,3,,
contemporary recessional songs,50,0%,0%,Rendah,0,,
contemporary songs to walk down the aisle to,500,0%,0%,Rendah,4,320.99,929.05
contemporary wedding march songs,50,0%,0%,Rendah,0,,
contemporary wedding prelude music,50,0%,-100%,Tidak diketahui,,,
contemporary wedding processional songs,500,0%,0%,Rendah,3,355.01,851.49
contemporary wedding processional songs instrumental,50,0%,0%,Rendah,2,,
contemporary wedding recessional songs,50,0%,0%,Rendah,1,,
cool bridal party entrances,50,0%,0%,Rendah,3,,
cool recessional songs,500,0%,0%,Rendah,1,,
cool songs to walk down the aisle,5000,0%,0%,Rendah,10,329.49,897.65
cool wedding march songs,50,-100%,-100%,Tidak diketahui,,,
cool wedding processional songs,50,0%,0%,Rendah,0,,
cool wedding recessional songs,50,0%,0%,Rendah,0,,
cool wedding songs to walk down the aisle,500,0%,0%,Rendah,4,366.48,3178.86
country bridal processional songs,500,0%,0%,Rendah,1,,
country ceremony exit songs,50,0%,0%,Rendah,3,,
country exit songs for wedding,50,0%,0%,Rendah,1,,
country music recessional songs,50,900%,0%,Rendah,1,,
country music wedding processional,50,0%,0%,Rendah,0,,
country music wedding processional songs,50,0%,∞,Rendah,0,,
country prelude songs for wedding ceremony,50,0%,0%,Rendah,0,,
country prelude wedding songs,500,0%,0%,Rendah,1,505.80,1161.02
country processional songs,50,0%,0%,Rendah,1,,
country processional songs for wedding party,50,0%,0%,Rendah,1,,
country processional wedding songs,500,0%,0%,Rendah,1,,
country recessional songs,50,900%,0%,Rendah,1,,
country recessional songs 2021,0,0%,0%,Tidak diketahui,,,
country recessional songs 2022,0,0%,0%,Tidak diketahui,,,
country recessional songs for wedding,500,0%,0%,Rendah,1,505.80,1161.02
country recessional songs for wedding ceremony,50,0%,0%,Rendah,0,,
country recessional songs wedding,50,0%,0%,Rendah,0,,
country songs for rehearsal dinner slideshow,50,∞,0%,Rendah,0,,
country songs to exit wedding ceremony,50,0%,0%,Rendah,2,,
country wedding bride entrance songs,50,0%,0%,Rendah,0,,
country wedding ceremony exit songs,50,0%,0%,Rendah,0,,
country wedding dinner music,50,0%,0%,Rendah,0,,
country wedding entrance songs for bridal party,50,0%,0%,Rendah,1,,
country wedding exit songs,50,900%,0%,Rendah,1,,
country wedding exit songs 2022,0,0%,0%,Tidak diketahui,,,
country wedding party processional songs,50,0%,0%,Rendah,1,,
country wedding processional songs instrumental,50,0%,0%,Rendah,0,,
country wedding recessional,50,0%,0%,Rendah,0,,
couple exit wedding song,50,0%,0%,Rendah,0,,
couple recessional songs,50,0%,0%,Rendah,1,,
creative songs to walk down the aisle to,50,∞,0%,Rendah,0,,
cute songs to walk down the aisle to,50,0%,0%,Rendah,9,,
different songs to walk down the aisle to,50,0%,0%,Rendah,1,,
different wedding songs to walk down the aisle,50,0%,0%,Rendah,1,,
dinner music for a wedding,500,0%,0%,Rendah,2,2672.70,90829.59
dinner music for wedding reception,50,900%,0%,Rendah,4,688.54,42941.38
dinner music playlist for wedding,50,0%,0%,Rendah,0,,
dinner music songs for wedding,50,0%,0%,Rendah,0,,
dinner music type for wedding,50,0%,0%,Rendah,0,,
dinner music wedding reception playlist,50,0%,0%,Rendah,4,,
dinner songs for wedding,500,0%,0%,Rendah,2,2672.70,90829.59
dinner songs wedding,50,0%,0%,Rendah,0,,
disney processional songs,50,0%,0%,Rendah,0,,
disney recessional songs,50,0%,0%,Rendah,0,,
disney songs for wedding processional,50,0%,0%,Rendah,0,,
disney songs for wedding recessional,50,0%,0%,Rendah,0,,
disney wedding exit songs,50,0%,0%,Rendah,0,,
disney wedding processional songs,50,0%,0%,Rendah,0,,
disney wedding recessional,50,0%,0%,Tidak diketahui,,,
disney wedding recessional songs,50,0%,0%,Rendah,0,,
dj dinner music,50,∞,0%,Menengah,57,,
down the aisle song,500,900%,0%,Rendah,2,351.14,2845.75
down the aisle wedding songs,500,0%,0%,Rendah,4,333.07,6984.67
dramatic bridal entrance songs,50,0%,0%,Rendah,0,,
dramatic songs to walk down the aisle to,50,0%,0%,Rendah,4,,
dramatic wedding entrance songs,50,0%,0%,Rendah,1,,
dramatic wedding processional songs,50,0%,0%,Rendah,0,,
edm recessional songs,50,0%,0%,Rendah,0,,
emotional bride entrance songs,50,0%,0%,Rendah,0,,
end of ceremony songs,50,0%,0%,Rendah,1,,
english bridal entry songs,50,∞,∞,Rendah,0,,
entrance bride,50,0%,0%,Rendah,0,,
entrance bride and groom songs,50,0%,0%,Rendah,2,,
entrance for bride,50,0%,0%,Rendah,0,,
entrance order for wedding ceremony,50,0%,0%,Menengah,46,,
entrance order wedding ceremony,500,0%,-90%,Rendah,24,219.89,10582.86
entrance procession wedding,50,0%,0%,Rendah,10,,
entrance song bride and groom,5000,0%,0%,Rendah,3,200.13,727.31
entrance songs bride and groom,5000,0%,0%,Rendah,3,200.13,727.31
entrance songs for bride and groom reception,50,0%,0%,Rendah,5,,
entrance songs for parents of the bride,500,0%,0%,Rendah,1,,
entrance songs for the bride and groom,5000,0%,0%,Rendah,3,200.13,727.31
entrance songs for wedding bride and groom,50,0%,0%,Rendah,0,,
entrance wedding songs bride and groom,50,0%,0%,Rendah,2,,
entrance wedding songs for bridal party,50,∞,0%,Rendah,0,,
entry songs for bride and groom bollywood,50,0%,0%,Rendah,0,,
entry theme for bride and groom,50,∞,∞,Rendah,0,,
epic bride and groom entrance songs,50,0%,0%,Rendah,2,,
epic songs to walk down the aisle to,50,0%,0%,Rendah,7,,
epic wedding exit songs,50,0%,0%,Rendah,0,,
exit ceremony songs for wedding,50,0%,0%,Rendah,0,,
exit music for a wedding,50,0%,0%,Rendah,7,,
exit music for bride and groom,50,0%,0%,Rendah,1,,
exit music for church wedding,50,0%,0%,Rendah,0,,
exit music for wedding ceremony,500,0%,0%,Rendah,2,246.17,2672.70
exit music wedding ceremony,50,0%,0%,Rendah,5,,
exit song for wedding reception,500,0%,0%,Rendah,1,,
exit songs,500,0%,0%,Rendah,0,,
exit songs after wedding ceremony,50,0%,0%,Rendah,1,,
exit songs for wedding ceremony country,50,0%,0%,Rendah,5,,
exit wedding songs 2022,0,0%,0%,Tidak diketahui,,,
exit wedding songs upbeat,5000,0%,0%,Rendah,2,192.54,8179.82
exiting wedding ceremony,50,0%,0%,Rendah,0,,
falling slowly wedding processional,50,0%,∞,Rendah,0,,
family processional songs,50,0%,-90%,Rendah,2,,
family processional songs instrumental,50,0%,0%,Rendah,0,,
family processional wedding songs,50,0%,0%,Rendah,1,,
family walking down the aisle songs,50,0%,0%,Rendah,0,,
famous wedding march songs,50,0%,0%,Rendah,0,,
famous wedding processional songs,500,0%,0%,Rendah,5,344.97,781.96
famous wedding songs to walk down the aisle,50,0%,900%,Rendah,7,344.28,1134.60
folk wedding processional songs,50,0%,0%,Rendah,0,,
fun bridal entrance songs,50,0%,0%,Rendah,3,201.17,534.54
fun bridal entry songs,50,0%,0%,Rendah,0,,
fun bridal march songs,50,∞,∞,Rendah,0,,
fun bridal party entrance songs,5000,0%,0%,Rendah,1,199.19,890.53
fun bridal party introductions,50,0%,0%,Rendah,0,,
fun bridal party processional songs,50,0%,0%,Rendah,0,,
fun bridal party reception entrance songs,50,0%,0%,Rendah,0,,
fun bridal processional songs,50,0%,0%,Rendah,0,,
fun bride groom entrance songs,50,∞,0%,Rendah,0,,
fun bridesmaid entrance songs,50,0%,0%,Rendah,1,,
fun bridesmaid songs to walk down the aisle,50,0%,0%,Rendah,2,,
fun ceremony exit songs,50,0%,0%,Rendah,0,,
fun cocktail hour songs,50,0%,0%,Rendah,0,,
fun country recessional songs,50,0%,0%,Rendah,4,,
fun country wedding recessional songs,50,0%,0%,Rendah,0,,
fun entrance songs for bridal party,50,0%,0%,Rendah,3,201.17,534.54
fun exit songs for wedding,50,0%,0%,Rendah,1,,
fun exit songs for wedding ceremony,500,0%,0%,Rendah,1,180.51,701.80
fun prelude wedding songs,500,0%,900%,Rendah,0,,
fun processional songs,50,0%,0%,Rendah,2,,
fun processional songs for wedding party,50,0%,0%,Rendah,3,,
fun processional wedding songs,50,0%,-90%,Rendah,3,,
fun recessional song,50,900%,0%,Rendah,1,,
fun recessional songs 2021,0,0%,0%,Tidak diketahui,,,
fun recessional songs 2022,0,0%,0%,Tidak diketahui,,,
fun recessional songs for wedding,500,0%,0%,Rendah,1,180.51,701.80
fun recessional songs for wedding party,50,0%,0%,Rendah,0,,
fun song to walk down the aisle to,500,0%,0%,Rendah,7,205.99,862.25
fun songs for bride and groom to enter reception,50,0%,0%,Rendah,14,,
fun songs for bride and groom to exit ceremony,50,0%,0%,Rendah,2,,
fun songs for bride to walk down the aisle,50,0%,0%,Rendah,3,,
fun songs for bridesmaids entrance,50,0%,0%,Rendah,0,,
fun songs for groomsmen to walk down the aisle,50,0%,0%,Rendah,0,,
fun songs for wedding ceremony,50,0%,0%,Rendah,0,,
fun songs for wedding exit,500,0%,0%,Rendah,1,180.51,701.80
fun songs to exit wedding ceremony,50,0%,0%,Rendah,2,,
fun songs to leave wedding ceremony,50,0%,0%,Rendah,2,,
fun upbeat recessional songs,50,0%,0%,Rendah,1,,
fun upbeat songs for wedding recessional,50,0%,0%,Rendah,3,,
fun upbeat wedding exit songs,50,0%,0%,Rendah,1,,
fun walk down the aisle songs,50,0%,0%,Rendah,1,,
fun wedding aisle songs,50,0%,0%,Rendah,1,,
fun wedding entrance songs for bridal party,5000,0%,0%,Rendah,1,199.19,890.53
fun wedding entrance songs for bride and groom,50,0%,0%,Rendah,4,,
fun wedding entrances bridal party,50,0%,0%,Rendah,0,,
fun wedding entrances for bridal party,50,0%,0%,Rendah,2,,
fun wedding exit songs 2021,0,0%,0%,Tidak diketahui,,,
fun wedding exit songs 2022,0,0%,0%,Tidak diketahui,,,
fun wedding exit songs for bride and groom,50,0%,0%,Rendah,0,,
fun wedding introduction songs for bride and groom,50,0%,0%,Rendah,17,,
fun wedding march in songs,50,0%,-100%,Tidak diketahui,,,
fun wedding march songs,50,0%,0%,Rendah,0,,
fun wedding party processional songs,50,0%,0%,Rendah,0,,
fun wedding processional,50,0%,0%,Rendah,0,,
fun wedding processional music,50,0%,0%,Rendah,0,,
fun wedding reception entrance songs for bridal party,50,0%,0%,Rendah,0,,
fun wedding recessional,50,0%,0%,Rendah,0,,
fun wedding recessional songs 2020,0,0%,0%,Tidak diketahui,,,
fun wedding recessional songs 2021,0,0%,0%,Tidak diketahui,,,
fun wedding recessional songs 2022,0,0%,0%,Tidak diketahui,,,
fun wedding songs for bridal party entrance,50,0%,0%,Rendah,2,,
fun wedding songs to exit ceremony,500,0%,0%,Rendah,1,180.51,701.80
fun wedding songs to walk down the aisle,50,0%,0%,Rendah,5,361.44,731.84
funny bridal entrance ideas,500,0%,0%,Rendah,4,,
funny bridal party entrance ideas,500,0%,0%,Rendah,4,,
funny bridal party introduction songs,50,0%,0%,Rendah,0,,
funny bridal party reception entrance ideas,50,0%,0%,Menengah,33,,
funny bride and groom entrance,50,0%,0%,Rendah,0,,
funny bride entrance songs,50,0%,0%,Rendah,0,,
funny exit songs for wedding,50,0%,0%,Rendah,1,,
funny recessional songs 2020,0,0%,0%,Tidak diketahui,,,
funny songs for bridal party entrance,5000,0%,0%,Rendah,1,199.19,890.53
funny songs for signing the register,50,0%,0%,Rendah,0,,
funny songs to exit wedding ceremony,50,0%,0%,Rendah,2,,
funny walk down the aisle songs,50,0%,0%,Rendah,1,,
funny wedding entrance ideas for bridal party,500,0%,0%,Rendah,4,,
funny wedding entrances bridal party,50,-100%,-100%,Tidak diketahui,,,
funny wedding entrances for bridal party,500,0%,0%,Rendah,1,,
funny wedding exit songs 2021,50,0%,0%,Tidak diketahui,,,
funny wedding reception entrance ideas for bridal party,50,0%,0%,Menengah,33,,
funny wedding songs to walk out to after the ceremony,50,0%,0%,Rendah,2,,
good bride and groom entrance songs,500,0%,0%,Rendah,5,207.58,892.29
good bride entrance songs,50,0%,0%,Rendah,4,,
good bridesmaid entrance songs,50,0%,0%,Rendah,3,,
good ceremony exit songs,50,0%,0%,Rendah,1,,
good cocktail hour music,500,0%,0%,Rendah,1,,
good cocktail hour songs,500,0%,0%,Rendah,1,,
good dinner music for wedding,50,0%,0%,Rendah,2,,
good entrance songs for bridal party,5000,0%,0%,Rendah,3,202.61,759.71
good entrance songs for bride and groom,500,0%,0%,Rendah,5,207.58,892.29
good exit song for wedding ceremony,50,900%,900%,Rendah,2,,
good exit songs for weddings,500,0%,0%,Rendah,0,,
good music for cocktail hour at wedding,50,0%,0%,Rendah,2,,
good prelude music for wedding,50,0%,0%,Rendah,1,,
good prelude wedding songs,50,0%,0%,Rendah,7,,
good processional songs,50,900%,0%,Rendah,3,,
good processional songs for wedding,500,0%,0%,Rendah,6,348.15,734.16
good processional songs for wedding party,50,900%,900%,Rendah,5,199.88,1061.13
good recessional songs,500,0%,0%,Rendah,1,,
good recessional songs 2022,0,0%,0%,Tidak diketahui,,,
good recessional songs for a wedding,5000,0%,0%,Rendah,1,184.95,701.60
good recessional songs for wedding,5000,0%,0%,Rendah,1,184.95,701.60
good song for bridal party entrance,500,0%,0%,Rendah,4,199.74,584.13
good song for bride and groom entrance,50,0%,0%,Rendah,9,,
good song to walk down the aisle,50,0%,0%,Rendah,0,,
good songs for a rehearsal dinner video slideshow,50,∞,0%,Rendah,0,,
good songs for after wedding ceremony,50,0%,0%,Rendah,0,,
good songs for bridal party to walk down the aisle,50,0%,0%,Rendah,6,,
good songs for bride and groom to enter reception,50,0%,0%,Rendah,6,219.27,521.05
good songs for bride and groom to walk into reception,50,0%,0%,Rendah,20,,
good songs for bride to walk down aisle,50,0%,0%,Rendah,14,196.62,883.06
good songs for bride to walk down the aisle to,50,0%,0%,Rendah,14,196.62,883.06
good songs for bridesmaid entrance,50,0%,0%,Rendah,0,,
good songs for bridesmaids to walk down the aisle,50,900%,900%,Rendah,3,350.82,1062.91
good songs for bridesmaids to walk down the aisle to,50,0%,0%,Rendah,5,323.84,2234.02
good songs for groom to walk down aisle,50,900%,0%,Rendah,2,,
good songs for groom to walk down aisle to,50,0%,0%,Rendah,0,,
good songs for groomsmen to walk down the aisle,50,0%,0%,Rendah,2,,
good songs for recessional,500,0%,0%,Rendah,1,,
good songs for rehearsal dinner slideshow,50,0%,∞,Rendah,0,,
good songs for signing wedding register,50,0%,0%,Rendah,0,,
good songs for wedding party ceremony entrance,50,0%,0%,Rendah,1,,
good songs for wedding processional,50,0%,0%,Rendah,9,,
good songs to exit wedding ceremony,50,0%,0%,Rendah,2,,
good songs to leave wedding ceremony,50,0%,0%,Rendah,0,,
good songs to play while signing the wedding register,50,0%,0%,Rendah,0,,
good songs to walk down the aisle to for bridesmaids,50,0%,0%,Rendah,2,,
good walk down the aisle songs,500,0%,0%,Rendah,7,324.63,540.35
good walk in songs for bridal party,50,0%,0%,Rendah,5,,
good wedding aisle songs,500,0%,0%,Rendah,3,332.73,551.43
good wedding ceremony exit songs,50,0%,0%,Rendah,1,,
good wedding dinner songs,50,0%,0%,Rendah,0,,
good wedding entrance songs for bridal party,500,0%,0%,Rendah,3,215.53,628.49
good wedding entrance songs for bride and groom,50,0%,0%,Rendah,5,,
good wedding march songs,5000,0%,0%,Rendah,2,340.93,2494.52
good wedding songs for walking down the aisle,500,0%,0%,Rendah,8,356.36,1339.58
good wedding songs to walk down the aisle,500,0%,0%,Rendah,8,356.36,1339.58
good wedding walk in songs,5000,0%,0%,Rendah,3,202.61,759.71
gospel processional songs,50,0%,0%,Rendah,0,,
gospel wedding exit songs,50,0%,0%,Rendah,0,,
gospel wedding processional songs,50,∞,0%,Rendah,0,,
grand entrance bride and groom songs,50,0%,0%,Rendah,2,,
grand entrance songs for bridal party,50,0%,0%,Rendah,2,,
grand entrance wedding songs for bride and groom,50,0%,0%,Rendah,3,,
grand exit song,50,0%,0%,Rendah,0,,
grand exit songs wedding,50,0%,-90%,Rendah,0,,
grand exit wedding songs,500,0%,0%,Rendah,0,,
great bridal party entrance songs,5000,0%,0%,Rendah,2,200.74,655.92
great bride and groom entrance songs,500,0%,0%,Rendah,5,207.58,892.29
great processional songs,50,900%,0%,Rendah,3,,
great recessional songs,500,0%,0%,Rendah,1,,
great recessional songs for weddings,50,0%,0%,Rendah,1,,
great recessional wedding songs,5000,0%,0%,Rendah,1,184.95,701.60
great songs to walk down the aisle to,500,0%,0%,Rendah,10,329.26,889.74
great wedding aisle songs,50,0%,0%,Menengah,43,,
great wedding exit songs,500,0%,0%,Rendah,0,,
great wedding march songs,50,0%,0%,Rendah,0,,
great wedding processional songs,500,0%,0%,Rendah,6,348.15,734.16
great wedding songs to walk down the aisle,50,0%,0%,Rendah,13,,
groom aisle song,50,900%,0%,Rendah,0,,
groom and bride entrance,50,0%,0%,Rendah,0,,
groom and bride entry song,50,0%,∞,Rendah,0,,
groom bride entry,50,0%,-100%,Tidak diketahui,,,
groom bride entry song,50,0%,∞,Rendah,0,,
groom ceremony entrance songs,500,0%,0%,Rendah,1,,
groom processional song,500,0%,0%,Rendah,0,,
groom processional songs instrumental,50,0%,0%,Rendah,0,,
groom walk down the aisle song,500,0%,0%,Rendah,1,323.47,531.58
groomsmen aisle song,50,∞,0%,Rendah,0,,
groomsmen and bridesmaid entrance songs,500,0%,0%,Rendah,2,,
groomsmen entrance,50,0%,0%,Rendah,0,,
groomsmen songs to walk down the aisle,500,0%,0%,Rendah,2,518.70,2454.73
groomsmen walking down the aisle song,50,0%,0%,Rendah,1,,
guitar music for wedding processional,50,0%,0%,Rendah,4,,
guitar processional songs,50,0%,0%,Rendah,0,,
guitar recessional songs,50,0%,0%,Rendah,0,,
guitar songs for wedding processional,50,0%,0%,Rendah,2,,
guitar songs to walk down the aisle to,50,0%,0%,Rendah,3,,
guitar wedding processional songs,50,0%,0%,Rendah,2,,
happy exit wedding songs,50,0%,0%,Rendah,0,,
happy recessional songs,50,0%,0%,Rendah,2,,
happy recessional wedding songs,50,0%,0%,Rendah,0,,
happy songs for wedding exit,50,0%,0%,Rendah,0,,
happy wedding aisle songs,50,0%,0%,Rendah,0,,
happy wedding exit songs,50,0%,0%,Rendah,0,,
happy wedding processional songs,50,0%,0%,Rendah,3,,
happy wedding songs to walk out to,50,0%,0%,Rendah,2,,
harp music for wedding processional,50,0%,0%,Rendah,2,,
harp processional wedding music,50,0%,0%,Rendah,2,,
harp recessional wedding songs,50,0%,0%,Rendah,0,,
harp wedding aisle songs,50,-100%,-100%,Tidak diketahui,,,
harp wedding exit music,50,0%,-100%,Tidak diketahui,,,
harp wedding recessional songs,50,0%,0%,Rendah,0,,
harry potter wedding processional songs,50,0%,0%,Rendah,0,,
here comes the sun bridal entrance,50,0%,0%,Rendah,2,,
hilarious bridal party entrance songs,50,0%,0%,Tidak diketahui,,,
hilarious wedding exit songs,50,0%,0%,Rendah,0,,
hilarious wedding recessional songs,50,0%,0%,Tidak diketahui,,,
hip hop bridal party entrance songs,50,0%,0%,Rendah,0,,
hip hop bride and groom entrance songs,50,0%,-90%,Rendah,1,,
hip hop entrance songs for bride and groom,50,0%,-100%,Tidak diketahui,,,
hip hop recessional songs,50,0%,0%,Rendah,0,,
hip hop recessional wedding songs,50,0%,0%,Rendah,0,,
hip hop wedding exit songs,50,0%,0%,Rendah,0,,
hip hop wedding recessional songs,50,0%,0%,Rendah,0,,
hymns for bride entrance,50,0%,0%,Rendah,0,,
hymns for wedding processional,50,0%,0%,Rendah,1,,
hymns for wedding recessional,50,0%,0%,Rendah,0,,
hype bride and groom entrance songs,50,0%,0%,Rendah,9,,
hype songs for bridal party entrance,50,0%,0%,Rendah,2,,
hype songs for bride and groom entrance,50,0%,0%,Rendah,0,,
hype wedding exit songs,50,0%,0%,Rendah,2,,
ideas for wedding processional,50,0%,0%,Rendah,18,,
ideas for wedding processional music,500,0%,0%,Rendah,11,346.65,44089.70
indie recessional songs,50,0%,0%,Rendah,0,,
indie recessional wedding songs,50,-100%,0%,Tidak diketahui,,,
indie wedding recessional songs,50,0%,0%,Rendah,0,,
instrumental aisle songs,50,0%,0%,Rendah,1,,
instrumental bridal party processional songs,50,0%,0%,Rendah,0,,
instrumental bridesmaid entrance songs,50,0%,0%,Rendah,0,,
instrumental christian music for wedding processional,50,0%,0%,Rendah,0,,
instrumental cocktail hour music,50,0%,0%,Rendah,0,,
instrumental country wedding processional songs,50,0%,0%,Rendah,0,,
instrumental dinner music wedding,50,0%,0%,Rendah,1,,
instrumental for wedding processional,50,0%,0%,Rendah,5,,
instrumental music for bride entrance,50,0%,0%,Rendah,0,,
instrumental music for bridesmaids to walk down the aisle,50,0%,0%,Rendah,0,,
instrumental music for signing of register,50,∞,0%,Rendah,0,,
instrumental music for wedding prelude,50,0%,0%,Rendah,0,,
instrumental music for wedding processional,500,0%,-90%,Rendah,2,366.14,1050.32
instrumental music walking down the aisle,50,0%,0%,Rendah,10,,
instrumental prelude music for wedding ceremony,50,0%,-100%,Tidak diketahui,,,
instrumental prelude wedding songs,50,0%,-90%,Rendah,1,,
instrumental processional songs,50,0%,-90%,Rendah,1,,
instrumental processional songs for wedding party,50,0%,0%,Rendah,0,,
instrumental processional wedding songs,500,0%,-90%,Rendah,2,366.14,1050.32
instrumental recessional songs,50,0%,0%,Rendah,1,,
instrumental recessional songs for wedding ceremony,50,0%,0%,Rendah,0,,
instrumental recessional wedding songs,500,0%,-90%,Rendah,2,366.14,1050.32
instrumental songs for bridesmaids to walk down the aisle to,50,0%,0%,Rendah,2,,
instrumental songs for wedding party to walk down the aisle,50,0%,0%,Rendah,4,,
instrumental songs to walk down the aisle to,500,0%,0%,Rendah,4,356.36,871.94
instrumental songs to walk down the aisle to 2021,50,-100%,-100%,Tidak diketahui,,,
instrumental songs to walk down the aisle to 2022,0,0%,0%,Tidak diketahui,,,
instrumental walk down the aisle songs,500,0%,0%,Rendah,2,,
instrumental wedding aisle songs,50,0%,0%,Rendah,1,,
instrumental wedding dinner music,50,0%,0%,Rendah,1,,
instrumental wedding exit songs,50,0%,0%,Rendah,0,,
instrumental wedding music for walking down the aisle,50,0%,0%,Rendah,2,,
instrumental wedding music to walk down the aisle,50,-90%,-90%,Rendah,7,312.47,3431.11
instrumental wedding songs to walk down the aisle,50,-90%,-90%,Rendah,7,312.47,3431.11
intro wedding songs for the bride and groom,500,0%,0%,Rendah,6,195.61,11997.38
introduction wedding songs for bride and groom,50,0%,0%,Rendah,5,,
irish wedding exit songs,50,0%,0%,Rendah,0,,
irish wedding processional,50,0%,0%,Rendah,0,,
irish wedding processional songs,50,0%,0%,Rendah,0,,
irish wedding recessional songs,50,0%,0%,Rendah,2,,
jazz music for wedding cocktail hour,50,0%,0%,Rendah,27,,
jazz songs for wedding cocktail hour,50,0%,0%,Rendah,2,,
jazz songs for wedding processional,50,0%,0%,Rendah,0,,
jazz wedding processional songs,50,0%,0%,Rendah,0,,
jewish wedding processional music,50,0%,0%,Rendah,0,,
jewish wedding processional songs,50,0%,0%,Rendah,0,,
jewish wedding recessional music,50,0%,0%,Rendah,0,,
la vie en rose wedding processional,50,0%,0%,Rendah,0,,
latest bridal entry songs,50,∞,0%,Rendah,0,,
leaving ceremony songs,50,0%,0%,Rendah,1,,
leaving ceremony wedding songs,50,0%,0%,Rendah,4,,
leaving church wedding songs,50,0%,0%,Rendah,2,,
leaving the wedding ceremony songs,500,0%,0%,Rendah,1,,
list of wedding processional songs,500,900%,0%,Rendah,12,185.40,896.39
list of wedding songs for walking down the aisle,50,0%,0%,Rendah,13,,
live music for cocktail hour,50,0%,0%,Rendah,19,21487.83,118986.54
love songs for walking down the aisle,50,0%,0%,Rendah,1,,
love songs for wedding processional,50,0%,0%,Rendah,4,,
love songs walking down the aisle,50,0%,0%,Rendah,5,,
lumineers wedding processional,50,-100%,-100%,Tidak diketahui,,,
maid of honor songs to walking down the aisle,0,0%,-100%,Tidak diketahui,,,
maid of honour and best man entrance songs,50,0%,0%,Rendah,0,,
march down the aisle,50,0%,0%,Rendah,0,,
mariachi wedding exit songs,50,0%,0%,Rendah,0,,
mariachi wedding recessional songs,50,-100%,0%,Tidak diketahui,,,
marriage exit songs,50,0%,0%,Rendah,0,,
modern aisle songs,50,0%,0%,Rendah,0,,
modern bridal entrance songs,50,0%,0%,Rendah,1,,
modern bridal party entrance songs,50,0%,0%,Rendah,1,,
modern bridal party processional songs,50,∞,0%,Rendah,0,,
modern bridal processional songs,500,0%,0%,Rendah,3,355.01,851.49
modern bride and groom entrance songs,50,-100%,-100%,Tidak diketahui,,,
modern cocktail hour music,50,0%,0%,Rendah,0,,
modern cocktail hour songs,50,0%,-90%,Rendah,4,,
modern instrumental processional songs,50,0%,0%,Rendah,0,,
modern instrumental songs to walk down the aisle to,50,0%,0%,Rendah,0,,
modern instrumental wedding processional songs,50,0%,0%,Rendah,2,,
modern prelude wedding songs,50,0%,-90%,Rendah,6,355.15,2494.52
modern processional music,50,0%,0%,Rendah,3,,
modern processional songs,50,0%,0%,Rendah,3,,
modern processional wedding songs,500,0%,0%,Rendah,3,355.01,851.49
modern recessional songs,50,0%,0%,Rendah,0,,
modern recessional wedding songs,50,0%,0%,Rendah,1,,
modern signing the register songs,50,0%,0%,Rendah,0,,
modern songs for bride to walk down the aisle,50,0%,0%,Rendah,10,,
modern songs for bridesmaids to walk down the aisle,50,0%,0%,Rendah,1,,
modern songs for signing the register,50,0%,-90%,Rendah,0,,
modern songs for walking down the aisle,50,0%,0%,Rendah,3,,
modern upbeat wedding recessional songs,50,-100%,0%,Tidak diketahui,,,
modern walk down the aisle songs,50,0%,0%,Rendah,3,,
modern wedding cocktail hour music,50,0%,0%,Rendah,0,,
modern wedding dinner music,50,0%,0%,Rendah,0,,
modern wedding exit songs,500,0%,0%,Rendah,1,,
modern wedding march songs,50,0%,0%,Rendah,3,,
modern wedding processional,50,0%,0%,Rendah,1,,
modern wedding processional music,500,0%,0%,Rendah,3,355.01,851.49
modern wedding recessional,50,0%,0%,Rendah,0,,
modern wedding songs for signing the register,50,0%,0%,Rendah,0,,
modern wedding songs for walking down the aisle,50,0%,-90%,Rendah,6,496.34,1075.87
modern wedding songs walk down aisle,50,∞,0%,Rendah,0,,
moon river wedding processional,50,0%,0%,Rendah,0,,
most beautiful songs to walk down the aisle,50,0%,0%,Rendah,7,,
most beautiful wedding songs to walk down the aisle,50,0%,0%,Rendah,11,,
most common wedding march songs,50,0%,0%,Rendah,0,,
most common wedding processional songs,50,0%,0%,Rendah,3,,
most popular bridal entrance songs,50,0%,0%,Rendah,3,,
most popular bridal party entrance songs,50,0%,0%,Rendah,0,,
most popular processional wedding songs,500,0%,0%,Rendah,5,344.97,781.96
most popular recessional songs,50,0%,0%,Rendah,0,,
most popular songs to walk down the aisle,50,0%,0%,Rendah,8,357.86,985.03
most popular wedding aisle songs,50,0%,0%,Rendah,3,,
most popular wedding march songs,50,0%,0%,Rendah,1,,
most popular wedding prelude songs,50,0%,0%,Rendah,0,,
most popular wedding processional music,50,0%,0%,Rendah,0,,
most popular wedding recessional songs,50,0%,0%,Rendah,1,,
most popular wedding songs to walk down the aisle,50,900%,0%,Rendah,7,491.62,990.27
most romantic songs to walk down the aisle to,50,0%,0%,Rendah,19,665.09,1269.05
mother and father of the bride entrance songs,50,0%,0%,Rendah,1,,
mother of bride entrance song,50,0%,0%,Rendah,1,,
mother of the bride entrance,50,0%,0%,Rendah,10,,
mother of the bride entrance song,50,900%,0%,Rendah,1,,
mother of the bride processional music,50,0%,0%,Rendah,0,,
mother of the bride processional songs,50,0%,0%,Rendah,0,,
mother of the bride reception entrance songs,50,0%,0%,Rendah,11,,
mother processional wedding songs,50,0%,0%,Rendah,0,,
mother walking down the aisle songs,50,0%,0%,Rendah,0,,
mothers processional songs,50,0%,0%,Rendah,0,,
motown wedding recessional songs,50,0%,∞,Rendah,0,,
music during cocktail hour,50,0%,0%,Rendah,0,,
music during dinner at wedding,50,0%,0%,Rendah,4,,
music during dinner wedding,50,0%,0%,Rendah,6,,
music during wedding dinner,50,0%,0%,Rendah,4,,
music for bridal party entrance to ceremony,50,0%,0%,Tidak diketahui,,,
music for bridal party to walk down the aisle,50,0%,0%,Rendah,14,223.37,726.08
music for bride entry,50,∞,0%,Rendah,29,,
music for bridesmaids to walk down the aisle,5000,0%,0%,Rendah,4,220.91,879.03
music for cocktail hour at wedding,500,900%,900%,Rendah,4,19447.33,76967.35
music for dinner wedding,500,0%,0%,Rendah,2,2672.70,90829.59
music for exiting wedding ceremony,50,0%,0%,Rendah,14,,
music for leaving wedding ceremony,500,0%,0%,Rendah,2,345.33,8945.10
music for mother of the bride processional,50,0%,0%,Rendah,0,,
music for processional,500,0%,0%,Rendah,2,,
music for recessional wedding,50,0%,0%,Menengah,48,,
music for rehearsal dinner,50,0%,0%,Rendah,2,,
music for rehearsal dinner slideshow,50,0%,0%,Rendah,11,,
music for signing register,50,0%,0%,Rendah,3,,
music for signing the register,50,0%,0%,Rendah,3,,
music for signing the register civil ceremony,50,0%,0%,Tidak diketahui,,,
music for signing wedding register in church,50,∞,∞,Rendah,0,,
music for the bride's entrance,500,0%,0%,Rendah,3,527.16,20494.32
music for wedding ceremony entrance,50,0%,0%,Rendah,21,,
music for wedding exit,5000,0%,0%,Rendah,1,259.27,2494.52
music for wedding party to walk down aisle,50,0%,0%,Rendah,2,,
music for wedding processional and recessional,50,0%,0%,Rendah,3,,
music for wedding recessional,50000,0%,0%,Rendah,1,188.35,1089.78
music to exit a wedding ceremony,50,0%,0%,Rendah,7,,
music to play during cocktail hour,50,0%,0%,Rendah,0,,
music to play during dinner at wedding,50,0%,0%,Rendah,1,,
music to sign register wedding,50,0%,0%,Rendah,8,,
music to sign the wedding register,50,0%,0%,Rendah,7,,
music to walk down the aisle too,50,0%,0%,Rendah,6,,
music walking down the aisle,5000,0%,0%,Rendah,4,325.70,1119.59
nerdy wedding processional songs,50,0%,0%,Rendah,0,,
new songs to walk down the aisle to,50,0%,0%,Rendah,2,,
new wedding processional songs,50,-100%,-100%,Tidak diketahui,,,
new wedding songs to walk down the aisle,50,∞,0%,Rendah,3,,
nice songs to walk down the aisle to,50,0%,0%,Rendah,1,,
non traditional bridal entrance songs,50,0%,0%,Rendah,4,,
non traditional bridal march songs,50,∞,0%,Rendah,3,,
non traditional bridal processional songs,50,0%,0%,Rendah,2,,
non traditional instrumental wedding processional songs,50,0%,0%,Rendah,7,,
non traditional processional songs,50,0%,0%,Rendah,2,,
non traditional recessional songs,50,0%,0%,Rendah,0,,
non traditional recessional wedding songs,50,0%,-90%,Rendah,0,,
non traditional songs for bride entrance,50,0%,0%,Rendah,7,,
non traditional songs to walk down the aisle to,50,-90%,0%,Rendah,2,,
non traditional wedding march,500,0%,0%,Rendah,3,318.03,932.67
non traditional wedding march songs,500,0%,0%,Rendah,3,318.03,932.67
non traditional wedding music for the processional,50,0%,0%,Rendah,2,,
non traditional wedding processional songs,50,0%,0%,Rendah,2,,
non traditional wedding recessional,50,∞,0%,Rendah,0,,
non traditional wedding songs for bride entrance,50,0%,0%,Rendah,5,,
non traditional wedding songs to walk down the aisle,50,0%,0%,Rendah,2,,
oldies wedding processional songs,50,∞,0%,Rendah,0,,
order bridal party walk down aisle,50,0%,0%,Rendah,0,,
order of bridal party entrance at ceremony,500,0%,-90%,Rendah,24,219.89,10582.86
order of bridesmaids walking down aisle,50,0%,0%,Rendah,0,,
order of bridesmaids walking down the aisle,50,0%,0%,Rendah,1,,
order of entering wedding ceremony,50,0%,0%,Rendah,14,,
order of entrance wedding ceremony,500,0%,-90%,Rendah,24,219.89,10582.86
order of entry for wedding ceremony,50,0%,0%,Rendah,14,,
order of entry wedding ceremony,50,0%,0%,Rendah,26,,
order of family walking down the aisle,50,0%,0%,Rendah,4,,
order of parents walking down the aisle,50,0%,0%,Rendah,4,,
order of people walking down the aisle,500,0%,0%,Rendah,5,200.79,611.26
order of recessional at wedding,50,∞,0%,Rendah,0,,
order of recessional wedding,500,0%,0%,Rendah,2,,
order of walking down aisle at wedding,50,0%,0%,Rendah,14,,
order of walking down the aisle wedding,50,0%,0%,Rendah,4,,
order of wedding march,50,0%,0%,Rendah,7,,
order of wedding party down aisle,50,0%,0%,Rendah,7,,
order of wedding party down the aisle,50,0%,0%,Rendah,18,,
order of wedding party entrance ceremony,500,0%,-90%,Rendah,24,219.89,10582.86
order of wedding party walking down the aisle,500,0%,0%,Rendah,3,191.60,697.33
order of wedding processional and recessional,50,0%,-90%,Rendah,4,,
order of wedding walking down the aisle,50,0%,0%,Rendah,2,,
order of who walks down the aisle,50,0%,-90%,Rendah,6,,
order to walk down aisle in wedding,50,-100%,-100%,Tidak diketahui,,,
order to walk down the aisle in a wedding,50,0%,0%,Tidak diketahui,,,
organ bridal entrance music,50,0%,0%,Rendah,0,,
organ music for wedding processional,50,0%,0%,Rendah,12,,
organ music for wedding recessional,50,900%,0%,Rendah,1,,
organ processional music,50,0%,0%,Rendah,3,,
organ recessionals,50,0%,0%,Rendah,0,,
organ wedding recessional,50,900%,0%,Rendah,1,,
original songs to walk down the aisle to,50,0%,∞,Rendah,0,,
original wedding songs for walking down the aisle,50,0%,0%,Rendah,7,,
outdoor wedding processional music,50,0%,-100%,Tidak diketahui,,,
parent processional songs,50,0%,-90%,Rendah,0,,
parent processional wedding songs,50,-100%,-100%,Tidak diketahui,,,
parents ceremony entrance songs,50,0%,0%,Rendah,0,,
parents of the bride and groom entrance songs,50,900%,900%,Rendah,1,,
parents of the bride entrance,50,0%,0%,Rendah,0,,
parents of the bride introduction songs,50,0%,0%,Rendah,0,,
parents of the bride reception entrance songs,50,0%,0%,Rendah,8,,
parents processional wedding songs,50,0%,0%,Rendah,1,,
parents walking down the aisle songs,50,0%,0%,Rendah,2,,
perfect song to walk down the aisle to,50,0%,0%,Rendah,10,,
perfect wedding song to walk down the aisle,50,0%,0%,Rendah,14,,
perfect wedding songs to walk down the aisle to,50,0%,0%,Rendah,14,,
piano aisle songs,50,0%,0%,Rendah,6,,
piano music for bride entrance,50,0%,0%,Rendah,0,,
piano music for wedding cocktail hour,50,0%,0%,Rendah,21,,
piano music for wedding prelude,50,0%,0%,Rendah,14,,
piano music for wedding processional,50,0%,-90%,Rendah,8,,
piano music for wedding recessional,50,0%,0%,Rendah,0,,
piano processional songs,50,0%,0%,Rendah,1,,
piano processional songs wedding,50,0%,-90%,Rendah,8,,
piano recessional wedding songs,500,0%,0%,Rendah,0,,
piano songs for wedding prelude,50,0%,0%,Menengah,42,,
piano songs for wedding recessional,50,0%,0%,Rendah,0,,
piano songs to walk down the aisle to,50,0%,0%,Rendah,3,,
piano walk down the aisle songs,50,0%,0%,Rendah,3,,
piano wedding aisle songs,50,0%,0%,Rendah,0,,
piano wedding exit songs,50,0%,0%,Rendah,1,,
piano wedding march songs,5000,0%,0%,Rendah,28,12357.28,115894.83
piano wedding recessional,50,0%,0%,Rendah,0,,
playlist for wedding dinner,500,0%,0%,Rendah,1,,
pop recessional wedding songs,50,0%,0%,Rendah,0,,
pop songs for wedding processional,500,0%,0%,Rendah,11,333.46,1490.49
pop songs to walk down the aisle,500,0%,0%,Rendah,9,332.43,1426.42
pop songs to walk down the aisle to,50,0%,0%,Rendah,0,,
pop wedding recessional songs,50,0%,0%,Rendah,0,,
pop wedding songs to walk down the aisle,50,0%,900%,Rendah,7,344.28,1134.60
popular aisle songs for wedding,50,0%,0%,Rendah,5,,
popular bridal entrance songs,50,0%,0%,Rendah,5,,
popular bridal march songs,50,0%,0%,Rendah,0,,
popular bridal party entrance songs,500,0%,0%,Rendah,3,,
popular bridal processional songs,50,0%,0%,Rendah,8,,
popular bride and groom entrance songs,50,0%,-90%,Rendah,3,,
popular cocktail hour songs,50,0%,0%,Rendah,0,,
popular dinner music wedding reception,0,0%,0%,Tidak diketahui,,,
popular entrance songs for bride and groom,50,0%,-90%,Rendah,3,,
popular prelude songs for wedding ceremony,50,0%,0%,Rendah,1,,
popular processional songs,50,-90%,-90%,Rendah,3,,
popular processional wedding songs,500,0%,0%,Rendah,6,348.15,734.16
popular recessional songs,50,0%,0%,Rendah,1,,
popular recessional songs 2022,0,0%,0%,Tidak diketahui,,,
popular recessional wedding songs,5000,0%,0%,Rendah,1,184.95,701.60
popular songs for bride and groom entrance,50,0%,-90%,Rendah,3,,
popular songs for bride to walk down the aisle,50,0%,0%,Rendah,7,,
popular songs for bridesmaids to walk down the aisle,50,0%,0%,Rendah,3,,
popular songs for walking down the aisle,50,0%,0%,Rendah,18,530.91,901.32
popular songs to walk down the aisle to at wedding,500,0%,0%,Rendah,9,351.30,1376.83
popular walk down the aisle songs,500,0%,0%,Rendah,3,200.19,708.76
popular wedding bride entrance songs,50,0%,0%,Rendah,6,,
popular wedding ceremony entrance songs,50,0%,0%,Rendah,8,,
popular wedding dinner music,50,0%,0%,Rendah,0,,
popular wedding dinner songs,50,0%,0%,Rendah,1,,
popular wedding exit songs,500,0%,0%,Rendah,1,,
popular wedding march in songs,50,0%,0%,Rendah,9,,
popular wedding prelude songs,50,0%,0%,Rendah,1,,
popular wedding processional,50,0%,0%,Rendah,0,,
popular wedding processional music,500,0%,0%,Rendah,5,344.97,781.96
popular wedding songs for bride to walk down the aisle,50,0%,0%,Rendah,14,,
popular wedding songs for walking down the aisle,500,0%,0%,Rendah,8,356.36,1339.58
popular wedding songs to walk down the aisle to,50,0%,900%,Rendah,7,344.28,1134.60
postlude songs,50,0%,0%,Rendah,0,,
postlude songs for wedding ceremony,50,0%,0%,Rendah,0,,
postlude wedding,50,0%,0%,Rendah,0,,
postlude wedding songs,50,0%,0%,Rendah,0,,
pre processional songs,50,0%,0%,Rendah,0,,
pre processional wedding music,50,0%,0%,Rendah,0,,
pre processional wedding songs,50,0%,0%,Rendah,0,,
prelude at wedding,500,0%,0%,Rendah,1,,
prelude for wedding ceremony,500,0%,0%,Rendah,1,,
prelude music for wedding ceremony,500,0%,0%,Rendah,2,,
prelude of wedding,500,0%,0%,Rendah,1,,
prelude song for wedding,5000,0%,0%,Rendah,1,719.78,61315.23
prelude songs for catholic wedding,50,0%,0%,Rendah,0,,
prelude songs for wedding ceremony,5000,0%,0%,Rendah,1,719.78,61315.23
prelude wedding music instrumental,50,0%,0%,Tidak diketahui,,,
prelude wedding songs 2021,0,0%,0%,Tidak diketahui,,,
prelude wedding songs 2022,0,0%,0%,Tidak diketahui,,,
pretty songs to walk down the aisle to,50,0%,0%,Rendah,8,503.18,1305.36
procession music wedding,50000,0%,0%,Rendah,2,346.03,1744.20
procession song for wedding,50,0%,0%,Rendah,0,,
processional and recessional,500,0%,0%,Rendah,0,,
processional and recessional music,50,0%,0%,Rendah,0,,
processional and recessional order,50,0%,0%,Rendah,1,,
processional and recessional songs,50,0%,0%,Rendah,0,,
processional and recessional wedding,50,0%,0%,Rendah,0,,
processional and recessional wedding songs,50,0%,0%,Rendah,1,,
processional bridal party songs,50,0%,0%,Rendah,0,,
processional bride songs,50,0%,0%,Rendah,0,,
processional ceremony music,50,0%,0%,Rendah,2,,
processional from sound of music,50,0%,0%,Rendah,0,,
processional instrumental wedding songs,50,0%,0%,Tidak diketahui,,,
processional march wedding,50,0%,0%,Rendah,2,,
processional music for bridal party,500,0%,0%,Rendah,3,344.64,4639.86
processional music for wedding party,500,0%,0%,Rendah,3,344.64,4639.86
processional music ideas,50,0%,0%,Rendah,7,,
processional music piano,50,-100%,-100%,Tidak diketahui,,,
processional recessional wedding songs,50,0%,0%,Rendah,3,,
processional song for groom,50,0%,0%,Rendah,0,,
processional song ideas,50,0%,0%,Rendah,1,,
processional songs 2022,0,0%,0%,Tidak diketahui,,,
processional songs catholic wedding,50,0%,0%,Rendah,0,,
processional songs for groomsmen,50,0%,0%,Rendah,0,,
processional songs for parents,50,0%,-90%,Rendah,0,,
processional songs for wedding ceremony,50,0%,0%,Rendah,2,,
processional wedding ceremony,50,0%,0%,Rendah,20,,
processional wedding music instrumental,50,0%,∞,Rendah,0,,
processional wedding party songs,50,0%,0%,Rendah,4,,
processional wedding songs 2021,0,0%,0%,Tidak diketahui,,,
processional wedding songs for bridal party,500,0%,0%,Rendah,3,344.64,4639.86
quirky songs to walk down the aisle to,50,0%,0%,Rendah,0,,
r&b bridal processional songs,50,∞,∞,Rendah,0,,
r&b prelude wedding songs,50,0%,0%,Rendah,0,,
r&b processional songs,50,0%,0%,Rendah,0,,
r&b processional wedding songs,50,0%,0%,Rendah,2,,
r&b recessional songs,50,0%,0%,Rendah,0,,
r&b recessional songs for wedding ceremony,50,-100%,-100%,Tidak diketahui,,,
r&b recessional wedding songs,50,0%,0%,Rendah,2,,
r&b songs for bride to walk down the aisle,50,0%,0%,Rendah,0,,
r&b wedding ceremony exit songs,50,0%,0%,Rendah,2,,
r&b wedding exit songs,50,0%,0%,Rendah,2,,
r&b wedding songs for bride entrance,500,0%,0%,Rendah,3,698.64,1297.38
r&b wedding songs for bridesmaid entrance,50,0%,0%,Rendah,0,,
rap songs for bride and groom entrance,50,0%,0%,Rendah,0,,
rap wedding recessional songs,50,0%,0%,Rendah,0,,
reception dinner songs,50,0%,0%,Rendah,0,,
reception entrance songs bride and groom,50,0%,0%,Rendah,1,,
reception entrances for bridal party,50,0%,0%,Rendah,0,,
reception entry for bride and groom,50,0%,0%,Rendah,0,,
reception entry songs for bridal party,50,-100%,-100%,Tidak diketahui,,,
reception entry songs for bride and groom,50,0%,0%,Rendah,5,,
reception intro songs for bridal party,50,0%,0%,Rendah,2,,
reception intro songs for bride and groom,50,0%,0%,Rendah,8,,
reception introduction songs for bride and groom,50,0%,0%,Rendah,6,,
reception songs to walk into,50,0%,0%,Rendah,10,,
reception walk in songs bride and groom,50,0%,0%,Rendah,0,,
recessional at wedding,5000,0%,0%,Rendah,0,,
recessional exit songs,50,0%,0%,Rendah,0,,
recessional hymn for wedding,50,0%,0%,Rendah,0,,
recessional hymns catholic wedding,50,0%,0%,Rendah,0,,
recessional instrumental songs,50,0%,0%,Rendah,0,,
recessional music,500,0%,-90%,Rendah,0,,
recessional music for wedding ceremony,50,0%,0%,Rendah,0,,
recessional music ideas,50,0%,0%,Rendah,1,,
recessional order,500,0%,0%,Rendah,1,,
recessional order at wedding,50,0%,0%,Rendah,0,,
recessional order for wedding ceremony,50,0%,0%,Rendah,0,,
recessional order wedding,50,0%,900%,Rendah,1,,
recessional organ music for wedding,50,0%,0%,Rendah,2,,
recessional piano music for weddings,50,0%,0%,Rendah,0,,
recessional rock songs,50,0%,0%,Rendah,1,,
recessional song ideas,50,0%,0%,Rendah,1,,
recessional songs 2020,0,0%,0%,Tidak diketahui,,,
recessional songs 2021,0,0%,0%,Tidak diketahui,,,
recessional songs 2022,0,0%,0%,Tidak diketahui,,,
recessional songs catholic wedding,500,0%,0%,Rendah,0,,
recessional songs for black weddings,50,0%,0%,Rendah,0,,
recessional songs for bride and groom,500,0%,0%,Rendah,1,186.93,901.73
recessional songs for wedding ceremony,50000,0%,0%,Rendah,1,188.35,1089.78
recessional songs for wedding party,50,0%,0%,Rendah,1,,
recessional songs for wedding upbeat,5000,0%,0%,Rendah,2,192.54,8179.82
recessional songs piano,50,0%,0%,Rendah,23,,
recessional songs r&b,50,0%,0%,Rendah,0,,
recessional songs string quartet,50,0%,0%,Rendah,0,,
recessional songs upbeat,500,0%,0%,Rendah,2,,
recessional songs violin,50,0%,0%,Rendah,0,,
recessional songs wedding country,500,0%,0%,Rendah,1,505.80,1161.02
recessional songs wedding upbeat,5000,0%,0%,Rendah,2,192.54,8179.82
recessional string quartet songs,50,0%,0%,Rendah,0,,
recessional wedding order,500,0%,0%,Rendah,2,,
recessional wedding song ideas,50,-90%,0%,Rendah,1,,
recessional wedding songs 2020,50,0%,0%,Tidak diketahui,,,
recessional wedding songs 2022,0,0%,0%,Tidak diketahui,,,
recessional wedding songs instrumental,500,0%,0%,Rendah,0,,
recessional wedding songs organ,50,900%,0%,Rendah,1,,
recessional wedding songs string quartet,50,0%,0%,Rendah,1,,
recessional wedding songs upbeat 2022,0,0%,0%,Tidak diketahui,,,
recessional wedding songs violin,50,0%,0%,Rendah,0,,
rehearsal dinner playlist,50,0%,0%,Rendah,0,,
rehearsal dinner slide show songs,0,0%,0%,Tidak diketahui,,,
rehearsal dinner video music,50,0%,0%,Rendah,29,,
rehearsal dinner video songs,50,0%,0%,Rendah,2,,
religious wedding processional songs,500,0%,0%,Rendah,1,,
ring bearer processional songs,50,0%,-100%,Tidak diketahui,,,
rock bride entrance songs,50,0%,0%,Rendah,0,,
rock processional songs,50,0%,0%,Rendah,0,,
rock recessional songs,50,0%,0%,Rendah,1,,
rock wedding exit songs,50,0%,0%,Rendah,0,,
rock wedding processional songs,50,0%,0%,Rendah,0,,
rock wedding recessional songs,50,0%,0%,Rendah,0,,
romantic processional songs,50,0%,0%,Rendah,0,,
romantic songs for bride and groom entry,50,-100%,0%,Tidak diketahui,,,
romantic songs for walking down the aisle,50,0%,0%,Rendah,0,,
romantic songs to walk down the aisle,500,0%,0%,Rendah,8,515.51,1247.26
romantic walking down the aisle songs,50,0%,0%,Rendah,5,,
romantic wedding aisle songs,50,0%,0%,Rendah,17,,
romantic wedding entrance songs,50,0%,0%,Rendah,3,,
romantic wedding processional songs,50,0%,0%,Rendah,0,,
romantic wedding songs to walk down the aisle,50,0%,0%,Rendah,8,,
second wedding processional songs,50,∞,∞,Rendah,0,,
send off songs for wedding,500,0%,0%,Rendah,1,,
send off songs wedding,500,0%,0%,Rendah,1,,
send off wedding songs,50,0%,0%,Rendah,1,,
short songs to walk down the aisle to,50,0%,0%,Rendah,17,,
short wedding processional songs,50,0%,0%,Rendah,0,,
short wedding songs to walk down the aisle,50,0%,0%,Rendah,0,,
signing of the register songs 2021,0,0%,0%,Tidak diketahui,,,
signing of the register songs 2022,0,0%,0%,Tidak diketahui,,,
signing of the register songs catholic wedding,50,0%,0%,Rendah,0,,
signing register wedding songs,500,0%,0%,Rendah,1,,
signing the register songs 2020,0,0%,0%,Tidak diketahui,,,
signing the register songs 2022,0,0%,0%,Tidak diketahui,,,
signing the register wedding songs,500,0%,0%,Rendah,1,,
signing the wedding register songs,500,0%,0%,Rendah,1,,
song after wedding ceremony,500,0%,0%,Rendah,1,,
song bride walks down the aisle to,5000,0%,0%,Rendah,8,339.11,1025.82
song bridesmaids walk down aisle to,5000,0%,0%,Rendah,4,220.91,879.03
song entrance for bride and groom,50,-100%,-100%,Tidak diketahui,,,
song for bridal party,50,0%,0%,Rendah,4,,
song for bride and groom entry,50,0%,0%,Rendah,0,,
song for end of wedding ceremony,500,0%,0%,Rendah,1,,
song for family to walk down the aisle,50,0%,0%,Rendah,4,,
song for groom to walk down aisle,50,0%,0%,Rendah,0,,
song for groom walking down the aisle,50,0%,0%,Rendah,0,,
song for groomsmen to walk down aisle,500,0%,0%,Rendah,2,518.70,2454.73
song for signing register at wedding,500,0%,0%,Rendah,1,,
song for wedding ceremony entrance,500,900%,0%,Rendah,2,357.48,1760.44
song for wedding party to walk down aisle,5000,0%,0%,Rendah,7,351.21,1524.26
song for wedding party to walk down the aisle,500,0%,0%,Rendah,9,227.29,838.73
song ideas for bridal party entrance,50,0%,0%,Rendah,5,,
song to play while wedding party walk down the aisle,50,0%,0%,Rendah,8,,
song to sign wedding register,500,0%,0%,Rendah,1,,
song to walk down the aisle 2022,0,0%,0%,Tidak diketahui,,,
song to walk down the aisle too,500,0%,0%,Rendah,6,330.92,825.56
songs bridal party ceremony entrance,0,0%,-100%,Tidak diketahui,,,
songs bridal party walk down the aisle to,50,0%,0%,Rendah,3,,
songs bride and groom walk out to,50,0%,0%,Tidak diketahui,,,
songs bridesmaid walk down aisle,50,0%,0%,Rendah,0,,
songs during wedding dinner,50,∞,0%,Rendah,0,,
songs for a groom to walk down the aisle,50,0%,0%,Rendah,2,,
songs for after wedding vows,50,0%,0%,Rendah,2,,
songs for bridal party entrance ceremony,50,0%,0%,Rendah,0,,
songs for bridal party entrance reception,50,0%,0%,Rendah,0,,
songs for bridal party reception entrance,50,0%,0%,Rendah,12,,
songs for bridal party to enter reception,5000,0%,0%,Rendah,2,200.74,655.92
songs for bridal party to walk down the aisle instrumental,50,0%,0%,Rendah,10,,
songs for bridal party to walk down to,50,0%,0%,Rendah,2,,
songs for bridal party to walk in to,50,0%,0%,Rendah,14,,
songs for bridal party to walk into ceremony,50,0%,0%,Rendah,0,,
songs for bridal shower entrance,50,0%,0%,Rendah,0,,
songs for bride and father to walk down the aisle,50,0%,0%,Rendah,1,,
songs for bride and groom entrance at reception,50,0%,0%,Rendah,0,,
songs for bride and groom entrance to reception,50,0%,0%,Rendah,7,,
songs for bride and groom exit ceremony,50,0%,0%,Rendah,2,,
songs for bride and groom reception entrance,50,0%,0%,Rendah,11,,
songs for bride and groom to enter,50,∞,0%,Rendah,0,,
songs for bride and groom to leave ceremony,50,0%,0%,Rendah,0,,
songs for bride and groom to walk down the aisle,500,0%,0%,Rendah,1,332.34,884.29
songs for bride groom entry,50,∞,0%,Rendah,0,,
songs for bride to walk down aisle to,50,0%,0%,Rendah,13,280.60,563.48
songs for bride to walk down the aisle to 2021,50,0%,0%,Tidak diketahui,,,
songs for bride to walk down the aisle to 2022,0,0%,-100%,Tidak diketahui,,,
songs for bride's parents to walk into reception,50,0%,0%,Rendah,4,,
songs for brides parents,50,0%,∞,Rendah,0,,
songs for brides parents to enter reception,50,0%,0%,Rendah,15,230.55,378.10
songs for bridesmaids,5000,0%,0%,Rendah,0,,
songs for bridesmaids and groomsmen to walk down the aisle,50,0%,0%,Rendah,0,,
songs for bridesmaids to walk down the aisle to 2021,0,0%,0%,Tidak diketahui,,,
songs for bridesmaids to walk down the aisle to 2022,0,0%,0%,Tidak diketahui,,,
songs for bridesmaids to walk down the aisle to instrumental,50,0%,0%,Rendah,0,,
songs for bridesmaids to walk down to,50,0%,0%,Rendah,2,,
songs for ceremony entrance,50,0%,-90%,Rendah,3,,
songs for dinner at wedding,500,0%,0%,Rendah,1,,
songs for end of wedding ceremony,500,0%,0%,Rendah,1,,
songs for entrance of bride and groom,50,0%,0%,Rendah,0,,
songs for entry of bride and groom,50,0%,-90%,Rendah,0,,
songs for exiting the wedding ceremony,50,0%,0%,Rendah,0,,
songs for exiting wedding,50,0%,0%,Rendah,0,,
songs for family to walk down the aisle to,50,0%,0%,Rendah,0,,
songs for family walking down the aisle,50,0%,0%,Rendah,4,,
songs for groom and bride entrance,50,0%,0%,Rendah,0,,
songs for groomsmen and bridesmaids to walk down to,50,0%,0%,Rendah,2,,
songs for guys to walk down the aisle,50,0%,0%,Rendah,5,,
songs for introduction of bridal party,50,∞,0%,Rendah,0,,
songs for leaving church after wedding,50,0%,0%,Rendah,0,,
songs for parents of the bride to enter reception,50,0%,0%,Rendah,4,,
songs for parents of the bride to walk into reception,50,0%,0%,Rendah,4,,
songs for reception entrance for bridal party,50,0%,0%,Rendah,12,,
songs for recessional wedding upbeat,50,0%,0%,Rendah,0,,
songs for rehearsal dinner slideshow groom,50,0%,∞,Rendah,0,,
songs for the bridal party to walk down to,50,0%,0%,Rendah,2,,
songs for the bridal party to walk into the reception,50,0%,0%,Rendah,0,,
songs for the bride and groom to enter the reception,500,0%,0%,Rendah,8,203.75,1078.76
songs for the bride and groom to walk into reception,500,0%,0%,Rendah,8,203.75,1078.76
songs for the bride and groom to walk out to,50,0%,0%,Rendah,2,,
songs for the bride to walk down to,50,0%,0%,Rendah,14,,
songs for the end of a wedding ceremony,500,0%,0%,Rendah,1,,
songs for the wedding party to walk down to,50,0%,0%,Rendah,2,,
songs for walking down the aisle 2022,50,0%,-100%,Tidak diketahui,,,
songs for walking down the aisle for bridal party,50,0%,0%,Rendah,5,,
songs for walking down the aisle instrumental,50,0%,0%,Rendah,0,,
songs for walking down the aisle wedding,50,0%,0%,Rendah,21,,
songs for walking up the aisle,5000,0%,0%,Rendah,4,325.70,1119.59
songs for wedding bride entrance,50,0%,0%,Rendah,0,,
songs for wedding ceremony recessional,50,0%,0%,Rendah,1,,
songs for wedding exit ceremony,50,0%,0%,Rendah,0,,
songs for wedding party ceremony entrance,500,900%,0%,Rendah,2,357.48,1760.44
songs for wedding party to walk down to,50,0%,0%,Rendah,2,,
songs for wedding party to walk into ceremony,50,0%,0%,Rendah,2,,
songs for wedding party walking down the aisle,500,0%,0%,Rendah,3,210.31,660.57
songs for wedding processional instrumental,50,0%,0%,Rendah,7,,
songs for wedding processionals,50000,0%,0%,Rendah,2,346.03,1744.20
songs for wedding reception dinner,50,0%,0%,Rendah,14,,
songs for when signing wedding register,50,0%,0%,Rendah,0,,
songs for your bridesmaids to walk down the aisle to,50,0%,0%,Rendah,1,,
songs groom walk down the aisle to,50,0%,0%,Rendah,3,,
songs groomsmen walk down aisle,50,0%,0%,Rendah,0,,
songs signing register,500,0%,0%,Rendah,1,,
songs that bridesmaids walk down the aisle to,5000,0%,0%,Rendah,4,220.91,879.03
songs the groom walks down the aisle to,50,0%,0%,Rendah,0,,
songs the wedding party walk down the aisle to,50,0%,-100%,Tidak diketahui,,,
songs to come down the aisle,50,0%,0%,Rendah,5,,
songs to come down the aisle to,50,0%,0%,Rendah,5,,
songs to dance down the aisle at wedding,50,0%,0%,Rendah,23,,
songs to end a wedding reception,500,0%,0%,Rendah,0,,
songs to end wedding reception,500,0%,0%,Rendah,0,,
songs to enter reception for bride and groom,50,0%,0%,Rendah,16,,
songs to enter wedding reception for bridal party,500,0%,0%,Rendah,3,211.29,409.12
songs to enter wedding reception for bride and groom,50,0%,0%,Rendah,5,,
songs to exit the wedding ceremony,50,0%,0%,Rendah,0,,
songs to exit wedding ceremony r&b,50,0%,-100%,Tidak diketahui,,,
songs to exit your wedding ceremony,50,0%,0%,Rendah,0,,
songs to go down the aisle,50,0%,0%,Rendah,11,,
songs to go down the aisle to,50,0%,0%,Rendah,11,,
songs to have bridesmaids walk down the aisle to,50,0%,0%,Rendah,9,,
songs to leave a wedding to,50,0%,0%,Rendah,1,,
songs to leave wedding reception,50,0%,0%,Rendah,0,,
songs to play at wedding dinner,50,0%,0%,Rendah,0,,
songs to play during cocktail hour,50,0%,0%,Rendah,0,,
songs to play during dinner at a wedding,50,0%,0%,Rendah,0,,
songs to play during dinner at wedding,50,0%,0%,Rendah,0,,
songs to play for bridal party entrance,50,0%,0%,Rendah,5,,
songs to play for wedding recessional,50,0%,0%,Rendah,0,,
songs to play walking down the aisle,5000,0%,0%,Rendah,8,343.66,1126.03
songs to play when bride and groom enter reception,50,0%,0%,Rendah,0,,
songs to play when walking down the aisle,50,0%,0%,Rendah,4,,
songs to play while signing the wedding register,50,0%,0%,Rendah,10,,
songs to play while signing wedding register,50,0%,0%,Rendah,0,,
songs to play while walking down the aisle,50,0%,0%,Rendah,4,,
songs to sign the register to,50,0%,0%,Rendah,0,,
songs to sign wedding register to,50,0%,0%,Rendah,0,,
songs to sing walking down the aisle,50,0%,0%,Rendah,0,,
songs to walk back up the aisle to once married,50,0%,0%,Rendah,2,,
songs to walk down the aisle on your wedding day,50,0%,∞,Rendah,6,,
songs to walk down the aisle to 2021,50,-100%,-100%,Tidak diketahui,,,
songs to walk down the aisle to 2022,50,∞,0%,Rendah,0,,
songs to walk down the aisle to acoustic,50,0%,0%,Rendah,2,,
songs to walk down the aisle to bride,500,0%,0%,Rendah,12,342.39,1102.20
songs to walk down the aisle to bridesmaids,50,0%,0%,Rendah,2,,
songs to walk down the aisle to country,50,0%,0%,Rendah,3,,
songs to walk down the aisle to instrumental,50,0%,0%,Rendah,0,,
songs to walk down the aisle to modern,50,0%,0%,Rendah,0,,
songs to walk down the aisle to piano,50,0%,0%,Rendah,8,,
songs to walk down the aisle to string quartet,50,0%,0%,Rendah,5,,
songs to walk down the aisle wedding,50,0%,0%,Rendah,5,,
songs to walk down the aisle with,50,0%,0%,Rendah,1,,
songs to walk down the wedding aisle,50,0%,0%,Rendah,7,,
songs to walk down the wedding aisle to,50,0%,0%,Rendah,17,,
songs to walk into reception bride and groom,50,0%,0%,Rendah,9,,
songs to walk into reception for bridal party,500,0%,0%,Rendah,6,201.54,640.41
songs to walk into wedding reception for bride and groom,50,0%,0%,Rendah,9,,
songs to walk the aisle,50,0%,0%,Rendah,2,,
songs to walk the aisle to,50,0%,0%,Rendah,2,,
songs when the bride walks down aisle,50,0%,0%,Rendah,0,,
songs while signing wedding register,50,-100%,-100%,Tidak diketahui,,,
songs you walk down the aisle to,50,0%,0%,Rendah,8,,
soul songs to walk down the aisle,50,0%,0%,Rendah,0,,
sound of music wedding march,500,0%,0%,Rendah,2,,
sound of music wedding processional instrumental,50,0%,0%,Rendah,2,,
spanish cocktail hour music,50,0%,-100%,Tidak diketahui,,,
spanish recessional wedding songs,50,0%,0%,Rendah,0,,
sparkler exit songs,50,0%,0%,Rendah,0,,
sparkler exit wedding song,50,-100%,-100%,Tidak diketahui,,,
sparkler send off song,50,0%,0%,Rendah,0,,
sparkler send off wedding song,50,0%,0%,Rendah,0,,
string music for wedding processional,50,0%,0%,Rendah,19,,
string quartet bridal entrance songs,50,0%,0%,Rendah,3,,
string quartet processional songs,50,0%,0%,Rendah,0,,
string quartet recessional songs,50,0%,0%,Rendah,0,,
string quartet songs to walk down the aisle,50,0%,0%,Rendah,5,,
string quartet songs to walk down the aisle to,50,0%,0%,Rendah,0,,
string quartet wedding exit songs,50,0%,0%,Rendah,0,,
string quartet wedding processional songs,50,0%,0%,Rendah,2,,
string quartet wedding recessional songs,50,0%,0%,Rendah,0,,
string quartet wedding songs to walk down the aisle,50,0%,0%,Rendah,11,507.42,23757.33
sweet songs to walk down the aisle to,50,0%,0%,Rendah,6,,
sweet wedding songs to walk down the aisle,50,0%,0%,Rendah,0,,
the best bridal party entrance songs,50,0%,0%,Rendah,0,,
the best songs to walk down the aisle to,5000,0%,0%,Rendah,10,329.49,897.65
the best wedding exit songs,50,0%,0%,Rendah,2,,
the best wedding processional songs,50,0%,0%,Rendah,5,,
the recessional wedding,50,0%,0%,Rendah,0,,
this will be an everlasting love wedding recessional,50,0%,0%,Rendah,0,,
top 10 bride and groom entrance songs,50,0%,0%,Rendah,29,,
top 10 processional wedding songs,50,0%,0%,Rendah,3,,
top 10 recessional wedding songs,50,0%,0%,Rendah,0,,
top 10 songs for walking down the aisle,50,0%,0%,Rendah,6,,
top 10 wedding aisle songs,50,0%,0%,Rendah,0,,
top 10 wedding songs to walk down the aisle,500,0%,0%,Rendah,3,278.39,1121.95
top aisle songs wedding,50,0%,0%,Rendah,1,,
top bridal entrance songs,50,900%,0%,Rendah,7,257.54,2613.60
top bridal entrance songs for ceremony,50,0%,0%,Rendah,7,,
top bridal march songs,50,0%,0%,Rendah,0,,
top bridal party entrance songs,50,900%,0%,Rendah,7,257.54,2613.60
top bridal processional songs,500,0%,0%,Rendah,5,344.97,781.96
top bride and groom entrance songs,50,0%,-90%,Rendah,3,,
top cocktail hour songs,50,0%,0%,Rendah,0,,
top entrance songs for bride and groom,50,0%,-90%,Rendah,3,,
top prelude wedding songs,50,0%,0%,Rendah,0,,
top processional songs,50,-90%,-90%,Rendah,3,,
top processional wedding songs,50,0%,0%,Rendah,3,,
top recessional songs,50,0%,0%,Rendah,1,,
top recessional songs 2022,0,0%,0%,Tidak diketahui,,,
top recessional songs for weddings,5000,0%,0%,Rendah,1,184.95,701.60
top song to walk down the aisle to,500,0%,0%,Rendah,9,332.43,1426.42
top songs for bride to walk down the aisle,50,0%,0%,Rendah,7,,
top songs to walk down the aisle 2022,0,0%,0%,Tidak diketahui,,,
top ten wedding songs to walk down the aisle,500,0%,0%,Rendah,3,278.39,1121.95
top walk down the aisle songs,500,0%,0%,Rendah,3,200.19,708.76
top wedding aisle songs,50,0%,0%,Rendah,5,,
top wedding cocktail hour songs,50,0%,0%,Rendah,2,,
top wedding dinner songs,50,0%,0%,Rendah,1,,
top wedding entrance songs for bridal party,50,900%,0%,Rendah,7,257.54,2613.60
top wedding entrance songs for bride and groom,50,0%,0%,Rendah,5,,
top wedding exit songs,500,0%,0%,Rendah,0,,
top wedding march songs,50,0%,0%,Rendah,0,,
top wedding processional songs 2021,50,0%,0%,Tidak diketahui,,,
top wedding recessional songs 2021,0,0%,-100%,Tidak diketahui,,,
top wedding songs for walking down the aisle,500,0%,0%,Rendah,8,356.36,1339.58
top wedding walk in songs,50,900%,0%,Rendah,7,257.54,2613.60
traditional aisle songs for wedding,50,0%,0%,Rendah,2,,
traditional bridal entrance music,50,0%,0%,Rendah,1,,
traditional bridal entrance songs,500,0%,0%,Rendah,1,,
traditional bridal entry songs,50,0%,0%,Rendah,1,,
traditional bridal processional songs,500,0%,0%,Rendah,1,354.28,3340.95
traditional bride walking down the aisle song,50,0%,0%,Rendah,3,,
traditional bridesmaid entrance songs,50,0%,0%,Rendah,0,,
traditional instrumental wedding processional songs,50,0%,0%,Rendah,0,,
traditional processional music,50,0%,0%,Rendah,0,,
traditional processional songs,50,-90%,-90%,Rendah,3,,
traditional processional wedding songs,500,0%,0%,Rendah,1,354.28,3340.95
traditional recessional song,50,0%,0%,Rendah,1,,
traditional recessional wedding song,500,0%,0%,Rendah,1,,
traditional song bride walks down the aisle to,50,0%,0%,Rendah,0,,
traditional song to walk down the aisle,50,0%,0%,Rendah,0,,
traditional songs for bridesmaids to walk down the aisle,50,0%,-90%,Rendah,2,,
traditional songs to walk down the aisle to,50,0%,-90%,Rendah,2,,
traditional walk down the aisle songs,50,900%,0%,Rendah,3,,
traditional walking down the aisle,50,0%,0%,Rendah,0,,
traditional wedding aisle song,50,0%,0%,Rendah,0,,
traditional wedding entrance order,50,0%,0%,Rendah,7,,
traditional wedding entrance songs,500,0%,0%,Rendah,1,,
traditional wedding exit song,500,0%,0%,Rendah,1,,
traditional wedding exit songs for bride and groom,50,0%,0%,Rendah,0,,
traditional wedding march,500,0%,0%,Rendah,0,,
traditional wedding march song,500,0%,0%,Rendah,1,,
traditional wedding music for bride entrance,50,0%,0%,Rendah,4,,
traditional wedding music processional,500,0%,0%,Rendah,1,354.28,3340.95
traditional wedding prelude music,50,0%,0%,Rendah,0,,
traditional wedding recessional,50,0%,0%,Rendah,0,,
traditional wedding recessional music,500,0%,0%,Rendah,1,,
traditional wedding recessional songs instrumental,50,0%,0%,Rendah,0,,
traditional wedding recessional songs piano,50,-100%,-100%,Tidak diketahui,,,
traditional wedding song bride entrance,50,0%,∞,Rendah,0,,
traditional wedding walk down the aisle song,50,0%,0%,Rendah,0,,
traditional wedding walking order,50,0%,0%,Rendah,4,,
trumpet recessional wedding music,50,0%,0%,Rendah,0,,
tunes to walk down the aisle to,5000,0%,0%,Rendah,8,343.66,1126.03
type of music for cocktail hour,50,0%,0%,Rendah,0,,
unexpected wedding recessional songs,50,0%,0%,Rendah,0,,
unique aisle songs,50,0%,0%,Rendah,3,,
unique bridal entrance songs,50,0%,0%,Rendah,2,,
unique bridal entry songs,50,0%,0%,Rendah,0,,
unique bridal march songs,50,0%,0%,Rendah,0,,
unique bridal party processional songs,50,-100%,-100%,Tidak diketahui,,,
unique bridal processional songs,50,0%,0%,Rendah,5,,
unique bride and groom entrance songs,50,0%,0%,Rendah,3,,
unique bride entry theme,50,∞,∞,Rendah,0,,
unique instrumental wedding processional songs,50,0%,0%,Rendah,2,,
unique processional songs,50,0%,0%,Rendah,0,,
unique processional wedding songs,50,0%,-90%,Rendah,3,,
unique recessional songs,50,0%,0%,Rendah,0,,
unique recessional wedding songs,50,0%,0%,Rendah,0,,
unique songs for bridal entry,50,0%,0%,Rendah,0,,
unique songs for bride to walk down the aisle,50,0%,0%,Rendah,7,,
unique songs for wedding processional,50,∞,0%,Rendah,0,,
unique songs to walk down the aisle,500,0%,0%,Rendah,8,331.56,1002.89
unique songs to walk down the aisle to 2022,0,0%,0%,Tidak diketahui,,,
unique walk down the aisle songs,50,0%,0%,Rendah,2,,
unique wedding aisle songs,50,0%,0%,Rendah,7,,
unique wedding entrance songs for bride and groom,50,0%,0%,Rendah,0,,
unique wedding exit songs,50,0%,0%,Rendah,0,,
unique wedding march songs,50,0%,0%,Rendah,0,,
unique wedding prelude songs,50,∞,∞,Rendah,29,,
unique wedding processional,50,0%,0%,Rendah,0,,
unique wedding songs for walking down the aisle,50,0%,0%,Rendah,1,,
unique wedding songs walk down aisle,50,0%,0%,Rendah,1,,
unique wedding walk in songs,50,0%,0%,Rendah,0,,
unusual recessional wedding songs,50,0%,0%,Rendah,0,,
unusual songs to walk down the aisle,500,0%,0%,Rendah,8,331.56,1002.89
unusual wedding march songs,50,0%,0%,Rendah,2,,
unusual wedding processional songs,50,0%,-90%,Rendah,3,,
unusual wedding songs to walk down the aisle,50,0%,0%,Rendah,1,,
up beat recessional songs,50,∞,∞,Rendah,0,,
up beat wedding exit songs,5000,0%,0%,Rendah,2,192.54,8179.82
up the aisle songs,50,0%,0%,Rendah,0,,
upbeat black wedding exit songs,50,0%,∞,Rendah,0,,
upbeat bridal entrance songs,50,0%,0%,Rendah,2,,
upbeat bridal processional songs,50,0%,0%,Rendah,7,,
upbeat bride and groom entrance songs,50,0%,0%,Rendah,2,,
upbeat bridesmaid entrance songs,50,0%,0%,Rendah,1,,
upbeat catholic recessional songs,50,0%,0%,Rendah,0,,
upbeat ceremony exit songs,50,0%,0%,Rendah,0,,
upbeat christian recessional songs,50,0%,0%,Rendah,0,,
upbeat christian songs for wedding recessional,50,0%,0%,Rendah,1,,
upbeat christian wedding recessional songs,50,0%,0%,Rendah,1,,
upbeat cocktail hour music,50,0%,-90%,Rendah,1,,
upbeat country recessional songs,50,0%,0%,Rendah,1,,
upbeat country recessional songs for wedding ceremony,50,0%,0%,Rendah,0,,
upbeat country songs for wedding recessional,50,0%,0%,Rendah,0,,
upbeat country wedding exit songs,50,0%,0%,Rendah,0,,
upbeat entrance songs for bride and groom,50,0%,0%,Rendah,2,,
upbeat exit songs for wedding ceremony,50,0%,0%,Rendah,4,,
upbeat exit wedding songs,5000,0%,0%,Rendah,2,192.54,8179.82
upbeat instrumental recessional songs,50,0%,0%,Rendah,0,,
upbeat instrumental wedding recessional songs,50,0%,0%,Rendah,0,,
upbeat love songs for wedding recessional,50,0%,0%,Menengah,39,,
upbeat modern recessional songs,50,0%,0%,Rendah,0,,
upbeat piano recessional songs,50,0%,0%,Rendah,0,,
upbeat piano wedding recessional songs,50,0%,0%,Rendah,0,,
upbeat processional songs,500,0%,0%,Rendah,2,,
upbeat processional songs for wedding party,50,0%,0%,Rendah,4,,
upbeat processional wedding songs,50,0%,0%,Rendah,4,,
upbeat r&b exit wedding songs,50,0%,-90%,Rendah,0,,
upbeat r&b wedding recessional songs,50,0%,0%,Rendah,0,,
upbeat recessional songs 2021,50,0%,0%,Tidak diketahui,,,
upbeat recessional songs 2022,0,0%,0%,Tidak diketahui,,,
upbeat recessional songs wedding,5000,0%,0%,Rendah,2,192.54,8179.82
upbeat signing the register songs,50,0%,0%,Rendah,0,,
upbeat songs after wedding ceremony,50,0%,0%,Rendah,0,,
upbeat songs for bridal party to walk down the aisle,50,0%,0%,Rendah,0,,
upbeat songs for bridesmaids to walk down the aisle to,50,900%,0%,Rendah,3,196.91,1011.56
upbeat songs for signing the register,50,0%,0%,Rendah,0,,
upbeat songs for wedding exit,50,0%,0%,Rendah,1,,
upbeat songs to exit wedding ceremony,50,0%,0%,Rendah,4,,
upbeat songs to leave wedding ceremony,50,0%,0%,Rendah,0,,
upbeat songs to walk out of wedding ceremony,50,0%,0%,Rendah,2,,
upbeat wedding ceremony exit songs,5000,0%,0%,Rendah,1,186.79,980.01
upbeat wedding dinner music,50,0%,0%,Rendah,0,,
upbeat wedding dinner songs,50,0%,0%,Rendah,0,,
upbeat wedding entrance songs for bridal party,50,0%,0%,Rendah,5,215.69,956.99
upbeat wedding entrance songs for bride and groom,50,0%,0%,Rendah,2,,
upbeat wedding exit songs 2020,0,0%,0%,Tidak diketahui,,,
upbeat wedding exit songs 2021,0,0%,0%,Tidak diketahui,,,
upbeat wedding exit songs 2022,0,0%,0%,Tidak diketahui,,,
upbeat wedding prelude songs,50,0%,0%,Menengah,36,,
upbeat wedding recessional,50,0%,0%,Rendah,0,,
upbeat wedding recessional songs 2020,0,0%,0%,Tidak diketahui,,,
upbeat wedding recessional songs 2021,0,0%,0%,Tidak diketahui,,,
upbeat wedding recessional songs 2022,50,∞,∞,Rendah,0,,
upbeat wedding songs to walk out to after the ceremony,50,0%,0%,Rendah,0,,
vintage wedding songs to walk down the aisle,50,0%,0%,Rendah,0,,
violin bride entrance songs,50,0%,0%,Rendah,1,,
violin music for wedding processional,50,0%,0%,Rendah,7,,
violin processional songs,50,0%,0%,Rendah,0,,
violin recessional songs,50,0%,0%,Rendah,0,,
violin recessional wedding songs,50,0%,0%,Rendah,0,,
violin songs to walk down the aisle to,50,0%,0%,Rendah,4,331.31,1740.66
violin walking down the aisle songs,50,0%,0%,Rendah,3,,
violin wedding exit songs,50,0%,0%,Rendah,0,,
violin wedding processional songs,50,0%,0%,Rendah,1,,
violin wedding recessional songs,50,0%,0%,Rendah,0,,
violin wedding songs walk down aisle,500,0%,0%,Rendah,2,312.15,1226.47
walk down aisle songs instrumental,50,0%,0%,Rendah,0,,
walk down wedding songs,50,0%,0%,Rendah,11,,
walk in song for bride and groom,50,0%,0%,Rendah,2,,
walk out songs for bride and groom,500,0%,0%,Rendah,4,206.46,590.81
walk out songs wedding exit,50,0%,0%,Rendah,0,,
walk up the aisle songs,5000,0%,0%,Rendah,4,325.70,1119.59
walking aisle wedding song,5000,0%,0%,Rendah,7,351.21,1524.26
walking down the aisle songs 2021,0,0%,0%,Tidak diketahui,,,
walking down the aisle songs for wedding party,50,0%,0%,Rendah,2,,
walking down the aisle songs piano,50,0%,0%,Rendah,0,,
walking down the aisle songs r&b,50,0%,0%,Rendah,0,,
walking down the aisle string quartet,50,0%,0%,Rendah,0,,
walking down the aisle violin songs,50,0%,0%,Rendah,0,,
walking in wedding songs,500,0%,-90%,Rendah,4,205.96,1071.00
walking into reception songs bride and groom,50,0%,0%,Rendah,4,,
walking up the aisle songs for weddings,50,0%,0%,Rendah,0,,
wedding acoustic songs to walk down the aisle,50,0%,0%,Rendah,0,,
wedding aisle entrance songs,50,0%,0%,Rendah,0,,
wedding aisle exit songs,50,0%,0%,Rendah,1,,
wedding aisle instrumental songs,50,0%,0%,Rendah,2,,
wedding aisle songs for bridal party,50,0%,0%,Rendah,3,,
wedding aisle songs for bride,500,0%,0%,Rendah,3,309.05,732.07
wedding aisle songs for bridesmaids,50,0%,0%,Rendah,0,,
wedding aisle songs modern,50,0%,0%,Rendah,0,,
wedding aisle songs piano,50,0%,0%,Rendah,0,,
wedding announcement songs for bride and groom,50,0%,0%,Rendah,6,,
wedding bridal entrance,50,0%,0%,Rendah,1,,
wedding bridal party processional songs,50,0%,0%,Rendah,6,,
wedding bridal processional songs,50000,0%,0%,Rendah,2,346.03,1744.20
wedding bride entrance music,500,0%,0%,Rendah,3,527.16,20494.32
wedding bride entrance songs instrumental,50,0%,0%,Rendah,0,,
wedding bride entrance songs piano,50,0%,0%,Rendah,0,,
wedding bride entry music,50,-100%,-100%,Tidak diketahui,,,
wedding bride entry song,50,0%,0%,Rendah,1,,
wedding bride entry theme,50,0%,-100%,Tidak diketahui,,,
wedding bride walk in songs,50,0%,0%,Rendah,0,,
wedding bride walking down the aisle,50,0%,0%,Rendah,0,,
wedding bridesmaid entrance songs,50,0%,-90%,Rendah,2,,
wedding ceremony bridal party entrance songs,500,900%,0%,Rendah,2,357.48,1760.44
wedding ceremony bride entrance,50,0%,0%,Rendah,1,,
wedding ceremony bride entrance songs,50,0%,0%,Rendah,1,,
wedding ceremony entrance,50,0%,-90%,Rendah,12,,
wedding ceremony entrance music,500,900%,0%,Rendah,2,357.48,1760.44
wedding ceremony entrance songs for parents,50,0%,-90%,Rendah,0,,
wedding ceremony entrance songs instrumental,50,0%,0%,Rendah,0,,
wedding ceremony exit songs 2021,50,0%,0%,Tidak diketahui,,,
wedding ceremony exit songs 2022,50,0%,0%,Tidak diketahui,,,
wedding ceremony exit songs country,50,0%,0%,Rendah,2,,
wedding ceremony exit songs for bride and groom,50,0%,0%,Rendah,1,,
wedding ceremony exit songs upbeat,50,0%,0%,Rendah,0,,
wedding ceremony music for bridal party entrance,50,0%,0%,Rendah,0,,
wedding ceremony music wedding march,50,0%,0%,Tidak diketahui,,,
wedding ceremony processional music,500,900%,0%,Rendah,2,,
wedding ceremony recessional,5000,0%,0%,Rendah,0,,
wedding ceremony songs for bridal party,50,0%,0%,Rendah,2,,
wedding ceremony songs signing register,50,0%,0%,Rendah,7,,
wedding ceremony songs to walk down the aisle,5000,0%,0%,Rendah,7,351.21,1524.26
wedding church music walking down the aisle,50,0%,0%,Rendah,16,,
wedding church songs for walking down the aisle,50,0%,0%,Rendah,0,,
wedding cocktail hour music 2021,0,0%,-100%,Tidak diketahui,,,
wedding cocktail hour music ideas,50,0%,0%,Rendah,0,,
wedding cocktail hour music playlist,500,0%,900%,Rendah,0,,
wedding cocktail hour music upbeat,50,0%,0%,Rendah,0,,
wedding cocktail hour playlist,500,0%,0%,Rendah,0,,
wedding cocktail playlist,50,0%,0%,Rendah,1,,
wedding departure songs,50,0%,0%,Rendah,1,,
wedding dinner entrance songs,50,0%,0%,Rendah,2,,
wedding dinner music 2021,0,0%,0%,Tidak diketahui,,,
wedding dinner music 2022,0,0%,0%,Tidak diketahui,,,
wedding dinner music country,50,0%,0%,Rendah,0,,
wedding dinner music ideas,50,0%,0%,Rendah,1,,
wedding dinner music instrumental,50,0%,0%,Rendah,7,,
wedding dinner music list,500,0%,0%,Rendah,0,,
wedding dinner music playlist,500,0%,0%,Rendah,0,,
wedding dinner songs 2020,0,0%,0%,Tidak diketahui,,,
wedding dinner songs 2021,50,0%,0%,Tidak diketahui,,,
wedding dinner songs 2022,50,0%,0%,Tidak diketahui,,,
wedding dinner songs playlist,50,0%,0%,Rendah,0,,
wedding dismissal songs,50,0%,0%,Rendah,0,,
wedding entrance and exit songs,50,0%,0%,Rendah,3,,
wedding entrance dance for bridal party,50,0%,0%,Rendah,1,,
wedding entrance order ceremony,50,0%,0%,Menengah,37,,
wedding entrance songs for bridal party 2022,0,0%,0%,Tidak diketahui,,,
wedding entrance songs for bridal party hip hop,50,0%,0%,Rendah,0,,
wedding entrance songs for bride and groom hip hop,50,0%,0%,Rendah,0,,
wedding entrance songs for parents of the bride,50,0%,0%,Rendah,2,,
wedding entrance songs for the bride,50,0%,0%,Rendah,2,,
wedding entrance songs walking down the aisle,50,0%,0%,Rendah,0,,
wedding entries for bride,50,0%,∞,Rendah,0,,
wedding entry songs for bride,50,0%,0%,Rendah,11,,
wedding entry songs for bride and groom,50,0%,0%,Rendah,6,,
wedding exit church songs,50,0%,0%,Rendah,0,,
wedding exit instrumental,50,∞,0%,Rendah,0,,
wedding exit music classical,50,0%,0%,Rendah,0,,
wedding exit music ideas,50,0%,0%,Rendah,3,,
wedding exit music organ,50,0%,0%,Rendah,0,,
wedding exit music piano,50,0%,0%,Rendah,0,,
wedding exit music traditional,50,0%,-90%,Rendah,0,,
wedding exit organ music,50,0%,0%,Rendah,0,,
wedding exit song ideas,50,0%,0%,Rendah,3,,
wedding exit songs 2020,50,0%,0%,Tidak diketahui,,,
wedding exit songs 2021,50,0%,-100%,Tidak diketahui,,,
wedding exit songs 2021 country,0,0%,0%,Tidak diketahui,,,
wedding exit songs 2021 upbeat,50,0%,0%,Tidak diketahui,,,
wedding exit songs 2022,0,0%,0%,Tidak diketahui,,,
wedding exit songs church organ,50,0%,0%,Rendah,0,,
wedding exit songs classical,50,0%,0%,Rendah,2,,
wedding exit songs for bride and groom,500,0%,0%,Rendah,2,371.06,1131.43
wedding exit songs for bride and groom upbeat,50,0%,0%,Rendah,0,,
wedding exit songs funny,500,0%,0%,Rendah,1,,
wedding exit songs instrumental,50,0%,0%,Rendah,2,,
wedding exit songs piano,50,0%,0%,Rendah,0,,
wedding exit songs rock,50,0%,0%,Rendah,0,,
wedding exit songs string quartet,50,0%,0%,Rendah,2,,
wedding exit songs violin,50,0%,0%,Rendah,2,,
wedding instrumental prelude songs,50,-100%,0%,Tidak diketahui,,,
wedding instrumental recessional songs,500,0%,-90%,Rendah,2,366.14,1050.32
wedding instrumental songs to walk down the aisle,50,0%,0%,Rendah,3,,
wedding intro songs bride and groom,50,0%,0%,Rendah,7,,
wedding intro songs for bridal party,5000,0%,0%,Rendah,4,203.45,876.43
wedding introduction songs for bridal party,5000,0%,0%,Rendah,4,203.45,876.43
wedding introduction songs for bride and groom,500,0%,0%,Rendah,6,195.61,11997.38
wedding leaving songs,500,0%,0%,Rendah,1,,
wedding love songs for walking down the aisle,50,0%,0%,Rendah,7,,
wedding march bride entrance,50,0%,0%,Rendah,0,,
wedding march down the aisle,50,0%,0%,Rendah,0,,
wedding march entrance,50,0%,0%,Rendah,0,,
wedding march recessional,50,0%,-90%,Rendah,0,,
wedding march recessional piano,50,0%,0%,Rendah,0,,
wedding march song ideas,50,0%,0%,Rendah,4,,
wedding march songs for bride,50,0%,0%,Rendah,3,,
wedding march songs instrumental,5000,0%,0%,Rendah,6,5832.65,52430.87
wedding meal background music,50,0%,0%,Rendah,0,,
wedding meal music,50,0%,0%,Rendah,11,,
wedding music bride walking down the aisle,50,0%,0%,Rendah,3,,
wedding music exit of bride and groom,50,0%,-100%,Tidak diketahui,,,
wedding music for bridal party entrance,50,0%,-90%,Rendah,4,227.04,50716.35
wedding music processional music,50,0%,-100%,Tidak diketahui,,,
wedding music processional recessional,50,0%,0%,Rendah,0,,
wedding music recessional music,0,0%,0%,Tidak diketahui,,,
wedding music signing register,50,0%,0%,Rendah,6,,
wedding music walking down the aisle,5000,0%,0%,Rendah,7,351.21,1524.26
wedding music walking down the aisle classical,500,0%,0%,Rendah,4,354.65,7211.82
wedding music wedding dinner songs,50,-100%,-100%,Tidak diketahui,,,
wedding music wedding recessional songs,50,0%,0%,Tidak diketahui,,,
wedding order down the aisle,50,0%,0%,Rendah,6,,
wedding order of walking down the aisle,50,900%,900%,Rendah,7,199.26,619.28
wedding order walking down the aisle,50,0%,0%,Menengah,41,,
wedding organ music bride entrance,50,0%,0%,Rendah,2,,
wedding outro music,50,0%,0%,Rendah,0,,
wedding outro songs,50,0%,-90%,Rendah,0,,
wedding party aisle songs,50,0%,0%,Rendah,2,,
wedding party aisle walk songs,50,0%,0%,Rendah,2,,
wedding party ceremony entrance order,50,0%,0%,Rendah,20,,
wedding party ceremony entrance songs,500,900%,0%,Rendah,2,357.48,1760.44
wedding party down the aisle song,50,0%,0%,Rendah,3,,
wedding party exit song,50,0%,-90%,Rendah,1,,
wedding party exit songs r&b,50,0%,0%,Tidak diketahui,,,
wedding party march songs,50,0%,0%,Rendah,0,,
wedding party order down the aisle,50,0%,0%,Rendah,23,205.41,24057.61
wedding party order of walking down the aisle,50,-100%,0%,Tidak diketahui,,,
wedding party order walking down aisle,50,-100%,-100%,Tidak diketahui,,,
wedding party processional songs 2021,0,0%,0%,Tidak diketahui,,,
wedding party processional songs country,50,0%,0%,Rendah,4,,
wedding party processional songs instrumental,50,900%,0%,Rendah,1,,
wedding party recessional,5000,0%,0%,Rendah,0,,
wedding party recessional songs,50000,0%,0%,Rendah,1,188.35,1089.78
wedding party walk down aisle order,50,0%,0%,Tinggi,93,,
wedding party walk down aisle songs,50,0%,0%,Rendah,0,,
wedding party walk down the aisle songs,500,0%,0%,Rendah,5,276.34,1113.00
wedding party walk in songs,50000,0%,0%,Rendah,2,211.20,8067.78
wedding party walk out songs,500,0%,0%,Rendah,3,202.57,898.42
wedding party walking order,50,0%,0%,Rendah,6,,
wedding postlude music,50,0%,0%,Rendah,0,,
wedding prelude music classical,50,0%,0%,Rendah,0,,
wedding prelude music ideas,50,0%,0%,Rendah,1,,
wedding prelude music organ,50,-100%,0%,Tidak diketahui,,,
wedding prelude songs 2020,0,0%,0%,Tidak diketahui,,,
wedding prelude songs 2021,0,0%,0%,Tidak diketahui,,,
wedding prelude songs 2022,0,0%,0%,Tidak diketahui,,,
wedding prelude songs classical,50,0%,0%,Rendah,0,,
wedding prelude songs piano,50,0%,0%,Menengah,42,,
wedding processional acoustic guitar,50,0%,0%,Rendah,0,,
wedding processional and recessional,50,0%,0%,Rendah,2,,
wedding processional exit songs,50,0%,0%,Rendah,3,,
wedding processional from sound of music,50,0%,900%,Rendah,4,,
wedding processional guitar songs,50,0%,0%,Rendah,0,,
wedding processional music order,50,0%,-100%,Tidak diketahui,,,
wedding processional order music,50,0%,0%,Rendah,11,,
wedding processional recessional,50,0%,0%,Rendah,2,,
wedding processional song ideas,500,0%,900%,Rendah,6,340.06,926.57
wedding processional songs 2020,50,0%,0%,Tidak diketahui,,,
wedding processional songs 2021,0,0%,0%,Tidak diketahui,,,
wedding processional songs 2022,0,0%,0%,Tidak diketahui,,,
wedding processional songs bridal party,50,0%,0%,Rendah,3,,
wedding processional songs catholic,50,0%,0%,Rendah,0,,
wedding processional songs christian,50,0%,0%,Rendah,3,,
wedding processional songs for bridesmaids,50,0%,0%,Rendah,1,,
wedding processional songs for groom,50,0%,0%,Rendah,0,,
wedding processional songs for mothers,50,0%,0%,Rendah,0,,
wedding processional songs for parents,50,0%,0%,Rendah,1,,
wedding processional songs for piano,50,0%,-90%,Rendah,8,,
wedding processional songs for wedding party,50000,0%,0%,Rendah,2,346.03,1744.20
wedding processional songs instrumental classical,50,0%,0%,Rendah,2,,
wedding processional songs instrumental for bridal party,50,-100%,-100%,Tidak diketahui,,,
wedding processional songs organ,50,0%,0%,Rendah,12,,
wedding processional songs reddit,50,0%,0%,Rendah,0,,
wedding processional songs string quartet,50,0%,0%,Rendah,2,,
wedding processional songs strings,50,0%,0%,Rendah,0,,
wedding processional songs wedding music,0,0%,0%,Tidak diketahui,,,
wedding processional songs youtube,50,-100%,-100%,Tidak diketahui,,,
wedding processionals youtube,50,0%,0%,Rendah,0,,
wedding reception bridal party entrance songs,500,0%,0%,Rendah,3,211.29,409.12
wedding reception bride and groom entrance songs,5000,0%,0%,Rendah,4,205.90,811.50
wedding reception cocktail hour music,50,0%,0%,Rendah,0,,
wedding reception cocktail hour songs,50,-100%,0%,Tidak diketahui,,,
wedding reception dinner music playlist,50,0%,0%,Rendah,0,,
wedding reception entrance bridal party,50,0%,0%,Rendah,0,,
wedding reception entrance songs bridal party,50,0%,0%,Rendah,10,,
wedding reception entrance songs bride and groom,50,0%,0%,Rendah,2,,
wedding reception entrances for bridal party,50,0%,0%,Rendah,0,,
wedding reception introduction order,50,0%,0%,Rendah,4,,
wedding reception processional,50,∞,0%,Rendah,0,,
wedding reception processional songs,50,-100%,-100%,Tidak diketahui,,,
wedding reception songs for bride and groom entrance,5000,0%,0%,Rendah,4,205.90,811.50
wedding reception songs while eating,50,∞,0%,Rendah,0,,
wedding recessional classic rock,50,0%,0%,Tidak diketahui,,,
wedding recessional exit songs,50,0%,0%,Rendah,1,,
wedding recessional fun songs,500,0%,900%,Rendah,0,,
wedding recessional guitar songs,50,0%,0%,Rendah,2,,
wedding recessional hymns catholic,50,0%,0%,Rendah,0,,
wedding recessional ideas,50,0%,0%,Rendah,24,,
wedding recessional music ideas,50,-90%,0%,Rendah,1,,
wedding recessional music instrumental,50,0%,0%,Rendah,7,,
wedding recessional music piano,500,0%,0%,Rendah,0,,
wedding recessional music upbeat,5000,0%,0%,Rendah,2,192.54,8179.82
wedding recessional sheet music,50,0%,0%,Tinggi,100,,
wedding recessional songs 2020,50,0%,0%,Tidak diketahui,,,
wedding recessional songs 2021,0,0%,0%,Tidak diketahui,,,
wedding recessional songs 2022,0,0%,0%,Tidak diketahui,,,
wedding recessional songs black weddings,50,-100%,-100%,Tidak diketahui,,,
wedding recessional songs catholic,50,0%,0%,Rendah,0,,
wedding recessional songs christian,500,-90%,-90%,Rendah,0,,
wedding recessional songs country upbeat,50,0%,-100%,Tidak diketahui,,,
wedding recessional songs for bride and groom,50,0%,0%,Rendah,0,,
wedding recessional songs hip hop,50,0%,0%,Rendah,0,,
wedding recessional songs reddit,50,0%,0%,Rendah,0,,
wedding recessional songs upbeat country,50,0%,0%,Rendah,0,,
wedding recessional songs upbeat instrumental,50,0%,0%,Rendah,0,,
wedding recessional songs violin,50,0%,0%,Rendah,1,,
wedding recessional songs violin and cello,50,0%,0%,Rendah,0,,
wedding recessional string quartet,50,0%,0%,Rendah,8,,
wedding recessional upbeat songs,5000,0%,0%,Rendah,2,192.54,8179.82
wedding rehearsal dinner music,50,0%,0%,Rendah,0,,
wedding rehearsal dinner slideshow songs,50,0%,-100%,Tidak diketahui,,,
wedding rehearsal dinner songs,50,0%,0%,Rendah,0,,
wedding rehearsal music,50,0%,0%,Rendah,0,,
wedding rehearsal slideshow songs,50,0%,∞,Rendah,0,,
wedding signing the register songs,500,0%,0%,Rendah,1,,
wedding song entrance for bridal party,50,0%,0%,Rendah,2,,
wedding song entrance for bride and groom,50,0%,0%,Rendah,1,,
wedding song for bridal party,50,0%,0%,Rendah,5,,
wedding song for bridal party entrance at the ceremony,500,900%,0%,Rendah,2,357.48,1760.44
wedding song for bridesmaids,500,0%,-90%,Rendah,2,,
wedding song for exiting ceremony,50,0%,0%,Rendah,0,,
wedding song for the bride's entrance,50,0%,0%,Rendah,9,,
wedding song ideas to walk down the aisle,50,0%,0%,Rendah,5,,
wedding song introduction bride and groom,50,0%,0%,Rendah,12,,
wedding songs bridal party walk down aisle,50,0%,0%,Rendah,0,,
wedding songs bride walking down the aisle,50,0%,0%,Rendah,3,,
wedding songs during dinner,50,0%,0%,Rendah,6,,
wedding songs for bridal party ceremony,50,0%,-100%,Tidak diketahui,,,
wedding songs for bridal party to walk down aisle,50,0%,0%,Rendah,0,,
wedding songs for bridal party to walk down the aisle,5000,0%,0%,Rendah,8,339.11,1025.82
wedding songs for bride entry,50,0%,0%,Rendah,17,,
wedding songs for bridesmaids to walk down the aisle,50,900%,900%,Rendah,6,311.10,1394.72
wedding songs for bridesmaids to walk out to,50,∞,∞,Rendah,0,,
wedding songs for exit,5000,0%,0%,Rendah,1,259.27,2494.52
wedding songs for guys to walk down the aisle,50,0%,0%,Rendah,0,,
wedding songs for moms to walk down the aisle,50,0%,0%,Rendah,11,,
wedding songs for parents to walk down the aisle,50,0%,0%,Rendah,1,,
wedding songs for processional and recessional,50,0%,0%,Rendah,3,,
wedding songs for signing register,500,0%,0%,Rendah,1,,
wedding songs for the bride to walk down aisle,50,0%,0%,Rendah,14,,
wedding songs for walking down the aisle country,50,0%,0%,Rendah,1,,
wedding songs for wedding party to walk down the aisle,500,0%,0%,Rendah,3,210.31,660.57
wedding songs instrumental for walking down the aisle,50,0%,∞,Rendah,0,,
wedding songs processional instrumental,500,0%,-90%,Rendah,2,366.14,1050.32
wedding songs to go down the aisle,50,0%,0%,Rendah,3,,
wedding songs to introduce bridal party,50,0%,0%,Rendah,4,,
wedding songs to leave ceremony,50,0%,0%,Rendah,4,,
wedding songs to play during dinner,50,0%,0%,Rendah,2,,
wedding songs to sign register,50,0%,0%,Rendah,6,,
wedding songs to walk down,50,0%,0%,Rendah,7,208.42,4551.16
wedding songs to walk down the aisle 2022,50,-100%,-100%,Tidak diketahui,,,
wedding songs to walk down the aisle too,50,0%,0%,Rendah,6,,
wedding songs to walk down to,50,0%,0%,Rendah,7,208.42,4551.16
wedding songs to walk out to after the ceremony,50,0%,0%,Rendah,0,,
wedding songs to walk to,50,0%,-90%,Rendah,5,185.59,561.77
wedding songs when signing the register,50,0%,0%,Rendah,0,,
wedding songs when walking down the aisle,50,0%,0%,Rendah,10,,
wedding songs while signing register,50,0%,0%,Rendah,0,,
wedding sparkler exit songs,50,0%,0%,Rendah,0,,
wedding sparkler send off songs,50,0%,0%,Rendah,0,,
wedding tunes to walk down the aisle,5000,0%,0%,Rendah,7,351.21,1524.26
wedding upbeat recessional songs,50,0%,0%,Tidak diketahui,,,
wedding walk down order,50,0%,0%,Rendah,17,,
wedding walk down songs,50,0%,0%,Rendah,4,,
wedding walk down the aisle order,500,0%,0%,Rendah,3,191.60,697.33
wedding walk in order,500,0%,0%,Rendah,5,204.05,1188.41
wedding walk in songs for bridal party,5000,0%,0%,Rendah,2,200.74,655.92
wedding walk in songs for bride,50,0%,0%,Rendah,0,,
wedding walk in songs for bride and groom,50,0%,0%,Rendah,4,,
wedding walk out songs for bride and groom,50,900%,900%,Rendah,6,180.78,534.54
wedding walking down the aisle music,5000,0%,0%,Rendah,7,351.21,1524.26
wedding walking into reception songs,50,-100%,-100%,Tidak diketahui,,,
weddings songs for bridal party entrance,50,0%,-100%,Tidak diketahui,,,
